{"version":"0.1.0","orb_score":{"score":0.8390344676864536,"score_version":"1.2.0","display":92,"included":true,"components":{"bandwidth_score":{"duration_ms":60000,"score":0.8606046109699442,"display":93,"included":false,"components":{"download_bandwidth_kbps":{"score":0.8948655014967464,"display":95,"value":403503.86006671743},"upload_bandwidth_kbps":{"score":0.8276554355754455,"display":91,"value":27797.360564658098}}},"reliability_score":{"duration_ms":60000,"score":1,"display":100,"included":true,"components":{"internet_lag_status":{"score":1,"display":100,"value":0}}},"responsiveness_score":{"duration_ms":60000,"score":0.8180049572038329,"display":91,"included":true,"components":{"internet_lag_us":{"score":0.8180049572038329,"display":91,"value":15558}}}}},"orb_scores":[{"duration_ms":86400000,"score":0.8344223932387645,"score_version":"1.2.0","display":92,"included":true,"components":{"bandwidth_score":{"duration_ms":86400000,"score":0.8581180441296328,"display":93,"included":true,"components":{"download_bandwidth_kbps":{"score":0.8898504339136077,"display":94,"value":365576.4223319766},"upload_bandwidth_kbps":{"score":0.8275172428947284,"display":91,"value":27748.348275319127}}},"reliability_score":{"duration_ms":86400000,"score":0.9234885623231199,"display":96,"included":true,"components":{"internet_lag_status":{"score":0.9234885623231199,"display":96,"value":0.00012722396248922253}}},"responsiveness_score":{"duration_ms":86400000,"score":0.8113810624323917,"display":91,"included":true,"components":{"internet_lag_us":{"score":0.8113810624323917,"display":91,"value":17105}}}}},{"duration_ms":60000,"score":0.8390344676864536,"score_version":"1.2.0","display":92,"included":true,"components":{"bandwidth_score":{"duration_ms":60000,"score":0.8606046109699442,"display":93,"included":false,"components":{"download_bandwidth_kbps":{"score":0.8948655014967464,"display":95,"value":403503.86006671743},"upload_bandwidth_kbps":{"score":0.8276554355754455,"display":91,"value":27797.360564658098}}},"reliability_score":{"duration_ms":60000,"score":1,"display":100,"included":true,"components":{"internet_lag_status":{"score":1,"display":100,"value":0}}},"responsiveness_score":{"duration_ms":60000,"score":0.8180049572038329,"display":91,"included":true,"components":{"internet_lag_us":{"score":0.8180049572038329,"display":91,"value":15558}}}}},{"duration_ms":300000,"score":0.8359239597978417,"score_version":"1.2.0","display":92,"included":true,"components":{"bandwidth_score":{"score":0.8606046109699442,"display":93,"included":false,"components":{"download_bandwidth_kbps":{"score":0.8948655014967464,"display":95,"value":403503.86006671743},"upload_bandwidth_kbps":{"score":0.8276554355754455,"display":91,"value":27797.360564658098}}},"reliability_score":{"score":1,"display":100,"included":true,"components":{"internet_lag_status":{"score":1,"display":100,"value":0}}},"responsiveness_score":{"score":0.8119511069973891,"display":91,"included":true,"components":{"internet_lag_us":{"score":0.8119511069973891,"display":91,"value":16968}}}}},{"duration_ms":3600000,"score":0.8340097649905684,"score_version":"1.2.0","display":92,"included":true,"components":{"bandwidth_score":{"score":0.8606046109699442,"display":93,"included":true,"components":{"download_bandwidth_kbps":{"score":0.8948655014967464,"display":95,"value":403503.86006671743},"upload_bandwidth_kbps":{"score":0.8276554355754455,"display":91,"value":27797.360564658098}}},"reliability_score":{"score":1,"display":100,"included":true,"components":{"internet_lag_status":{"score":1,"display":100,"value":0}}},"responsiveness_score":{"score":0.8082367666095568,"display":90,"included":true,"components":{"internet_lag_us":{"score":0.8082367666095568,"display":90,"value":17874}}}}}],"tags":{"device_info":{"cpu_count":4,"full_name":"sv-dockerhost","name":"sv-dockerhost","operating_system":"linux","version":"v1.3.9"},"geoip":{"city":"Wetteren","country":"Belgium","country_code":"BE","isp_name":"Telenet","latitude":51.01,"longitude":3.88,"state":"Flanders"},"network_interface":{"local_ip":"192.168.0.0","mac_address":"f4****0a","name":"","type":"Ethernet"}},"created_ts":1768514701429}

