2026-05-02 03:01:07.864 INFO (MainThread) [music_assistant] Starting Music Assistant Server (808f904d597c491285cb4c2a660b70ed) version 2.8.6 - HA add-on: False - Safe mode: False
2026-05-02 03:01:07.883 INFO (MainThread) [music_assistant.cache] Initializing cache controller...
2026-05-02 03:01:07.916 INFO (MainThread) [ffmpeg] Detected ffmpeg version 7.1.2 with libsoxr support
2026-05-02 03:01:07.916 INFO (MainThread) [music_assistant.streams] 

################################################################################
Starting streamserver on  10.77.10.40:8097
This is the IP address that is communicated to players.
If this is incorrect, audio will not play!
See the documentation how to configure the publish IP for the Streamserver
in Settings --> Core modules --> Streamserver
################################################################################

2026-05-02 03:01:08.196 INFO (MainThread) [music_assistant.auth] Authentication manager initialized (providers=1)
2026-05-02 03:01:08.199 INFO (MainThread) [music_assistant.webserver] 
################################################################################

Webserver available on: http://10.77.10.40:8095

If this address is incorrect, see the documentation on how to configure
the Webserver in Settings --> Core modules --> Webserver

################################################################################

2026-05-02 03:01:10.513 INFO (MainThread) [music_assistant] Loaded player provider Universal Player
2026-05-02 03:01:10.515 INFO (MainThread) [music_assistant] Loaded player provider Sync Group Player
2026-05-02 03:01:10.516 INFO (MainThread) [music_assistant] Loaded metadata provider Cover Art Archive
2026-05-02 03:01:10.516 INFO (MainThread) [music_assistant] Loaded metadata provider The Audio DB
2026-05-02 03:01:10.517 INFO (MainThread) [music_assistant] Loaded metadata provider LRCLIB
2026-05-02 03:01:10.518 INFO (MainThread) [music_assistant] Loaded metadata provider fanart.tv
2026-05-02 03:01:10.518 INFO (MainThread) [music_assistant] Loaded music provider Music Assistant
2026-05-02 03:01:10.520 INFO (MainThread) [music_assistant] Loaded metadata provider MusicBrainz
2026-05-02 03:01:10.564 INFO (MainThread) [music_assistant.players] Player (type player) registered: up0ccafb0ec3ce/2021/22 Philips UHD Android TV
2026-05-02 03:01:10.606 INFO (MainThread) [music_assistant] Loaded player provider Sendspin
2026-05-02 03:01:10.606 INFO (MainThread) [aiosendspin.server.server] Starting Sendspin server on port 8927
2026-05-02 03:01:10.625 INFO (MainThread) [aiosendspin.server.server] Sendspin server started successfully on 0.0.0.0:8927
2026-05-02 03:01:10.632 INFO (MainThread) [music_assistant.players] Player (type player) registered: upf00dbabeaa5ebabadada0ccafb0ec3ce/2021/22 Philips UHD Android TV
2026-05-02 03:01:10.707 INFO (MainThread) [music_assistant.players] Player (type player) registered: up0ccafb1d68ea/TV Gesena
2026-05-02 03:01:10.791 INFO (MainThread) [music_assistant.players] Player (type player) registered: upf84f686bba3a/CCE-LP08-MAC
2026-05-02 03:01:10.861 INFO (MainThread) [music_assistant] Loaded plugin provider Party
2026-05-02 03:01:10.881 INFO (MainThread) [music_assistant] Loaded player provider SONOS
2026-05-02 03:01:10.888 INFO (MainThread) [music_assistant] Loaded player provider Chromecast
2026-05-02 03:01:10.912 INFO (MainThread) [music_assistant] Loaded player provider DLNA
2026-05-02 03:01:11.254 INFO (MainThread) [music_assistant.players] Player (type player) registered: 85db9f39-3c8f-5dcc-872a-7005bdce4583/Keuken Nest Hub
2026-05-02 03:01:11.277 INFO (MainThread) [music_assistant.Chromecast.bridge.85db9f39-3c8f-5dcc-872a-7005bdce4583] Sendspin bridge registered for Keuken Nest Hub (client_id=spb_7cd95c0f8cbf)
2026-05-02 03:01:11.277 INFO (MainThread) [music_assistant.chromecast.bridge_manager] Sendspin bridge created for Keuken Nest Hub
2026-05-02 03:01:11.294 INFO (MainThread) [music_assistant.players] Player (type protocol) registered: spb_7cd95c0f8cbf/Keuken Nest Hub (Cast)
2026-05-02 03:01:11.435 INFO (MainThread) [music_assistant.players] Player (type player) registered: b349fa31-0801-4f1a-b210-ec7dad99f3de/Badkamer V2
2026-05-02 03:01:11.439 INFO (MainThread) [music_assistant.Chromecast.bridge.b349fa31-0801-4f1a-b210-ec7dad99f3de] Sendspin bridge registered for Badkamer V2 (client_id=spb_e4f0421080a2)
2026-05-02 03:01:11.439 INFO (MainThread) [music_assistant.chromecast.bridge_manager] Sendspin bridge created for Badkamer V2
2026-05-02 03:01:11.449 INFO (MainThread) [music_assistant.players] Player (type protocol) registered: spb_e4f0421080a2/Badkamer V2 (Cast)
2026-05-02 03:01:11.838 INFO (MainThread) [music_assistant.players] Player (type player) registered: f1f14aca-4b69-5aa3-8429-62a0393b85ff/Bureau speaker
2026-05-02 03:01:11.894 INFO (MainThread) [music_assistant.Chromecast.bridge.f1f14aca-4b69-5aa3-8429-62a0393b85ff] Sendspin bridge registered for Bureau speaker (client_id=spb_d86c634f6562)
2026-05-02 03:01:11.894 INFO (MainThread) [music_assistant.chromecast.bridge_manager] Sendspin bridge created for Bureau speaker
2026-05-02 03:01:11.896 INFO (MainThread) [music_assistant] Loaded player provider AirPlay
2026-05-02 03:01:11.906 INFO (MainThread) [music_assistant.players] Player (type protocol) registered: spb_d86c634f6562/Bureau speaker (Cast)
2026-05-02 03:01:11.916 INFO (MainThread) [music_assistant.AirPlay.bridge.ap48a6b83564f9] Sendspin bridge registered for Huiskamer (client_id=spb_48a6b83564f9)
2026-05-02 03:01:11.916 INFO (MainThread) [music_assistant.airplay.bridge_manager] Sendspin bridge created for Huiskamer
2026-05-02 03:01:11.916 INFO (MainThread) [music_assistant.players] Player (type protocol) registered: ap48a6b83564f9/Huiskamer
2026-05-02 03:01:11.926 INFO (MainThread) [music_assistant.players] Player (type protocol) registered: spb_48a6b83564f9/Huiskamer (AirPlay)
2026-05-02 03:01:12.100 INFO (MainThread) [music_assistant.players] Player (type player) registered: d63738c0-6218-33fc-146f-4d8236bd57bd/Yatan
2026-05-02 03:01:12.104 INFO (MainThread) [music_assistant.Chromecast.bridge.d63738c0-6218-33fc-146f-4d8236bd57bd] Sendspin bridge registered for Yatan (client_id=spb_ac6784f23b64)
2026-05-02 03:01:12.104 INFO (MainThread) [music_assistant.chromecast.bridge_manager] Sendspin bridge created for Yatan
2026-05-02 03:01:12.108 INFO (MainThread) [music_assistant.players] Player (type protocol) registered: spb_ac6784f23b64/Yatan (Cast)
2026-05-02 03:01:12.391 INFO (MainThread) [music_assistant.players] Player (type player) registered: 09ee0f24-dd1e-b4e0-bbbd-f758c36c805d/Hobbykamer
2026-05-02 03:01:12.395 INFO (MainThread) [music_assistant.Chromecast.bridge.09ee0f24-dd1e-b4e0-bbbd-f758c36c805d] Sendspin bridge registered for Hobbykamer (client_id=spb_b0e4d5bbde8e)
2026-05-02 03:01:12.395 INFO (MainThread) [music_assistant.chromecast.bridge_manager] Sendspin bridge created for Hobbykamer
2026-05-02 03:01:12.401 INFO (MainThread) [music_assistant.players] Player (type protocol) registered: spb_b0e4d5bbde8e/Hobbykamer (Cast)
2026-05-02 03:01:12.791 INFO (MainThread) [music_assistant.players] Player (type player) registered: 23c0c45a-a66d-5e83-d402-bc4fbdc7e056/Slaapkamer Gesena
2026-05-02 03:01:12.794 INFO (MainThread) [music_assistant.Chromecast.bridge.23c0c45a-a66d-5e83-d402-bc4fbdc7e056] Sendspin bridge registered for Slaapkamer Gesena (client_id=spb_1c53f9c73993)
2026-05-02 03:01:12.794 INFO (MainThread) [music_assistant.chromecast.bridge_manager] Sendspin bridge created for Slaapkamer Gesena
2026-05-02 03:01:12.799 INFO (MainThread) [music_assistant.players] Player (type protocol) registered: spb_1c53f9c73993/Slaapkamer Gesena (Cast)
2026-05-02 03:01:13.106 INFO (MainThread) [music_assistant.players] Player (type player) registered: 8ec84479-b33e-02d8-96c7-243c29d359b3/Badkamer Nest Hub
2026-05-02 03:01:13.112 INFO (MainThread) [music_assistant.Chromecast.bridge.8ec84479-b33e-02d8-96c7-243c29d359b3] Sendspin bridge registered for Badkamer Nest Hub (client_id=spb_d88c793df9ad)
2026-05-02 03:01:13.112 INFO (MainThread) [music_assistant.chromecast.bridge_manager] Sendspin bridge created for Badkamer Nest Hub
2026-05-02 03:01:13.119 INFO (MainThread) [music_assistant.players] Player (type protocol) registered: spb_d88c793df9ad/Badkamer Nest Hub (Cast)
2026-05-02 03:01:13.211 INFO (MainThread) [music_assistant.webserver.remote_access] Starting remote access in basic mode
2026-05-02 03:01:13.211 INFO (MainThread) [music_assistant.remote_access] Starting WebRTC Gateway
2026-05-02 03:01:13.212 INFO (MainThread) [music_assistant.remote_access] Connecting to signaling server: wss://signaling.music-assistant.io/ws
2026-05-02 03:01:13.309 INFO (MainThread) [music_assistant.players] Player (type player) registered: a93fb141-e8ed-a4c4-150f-829bdfdf7636/Nest Yatan
2026-05-02 03:01:13.316 INFO (MainThread) [music_assistant.Chromecast.bridge.a93fb141-e8ed-a4c4-150f-829bdfdf7636] Sendspin bridge registered for Nest Yatan (client_id=spb_d4f54722cd68)
2026-05-02 03:01:13.316 INFO (MainThread) [music_assistant.chromecast.bridge_manager] Sendspin bridge created for Nest Yatan
2026-05-02 03:01:13.324 INFO (MainThread) [music_assistant.players] Player (type protocol) registered: spb_d4f54722cd68/Nest Yatan (Cast)
2026-05-02 03:01:13.367 INFO (MainThread) [music_assistant.remote_access] Registered with signaling server
2026-05-02 03:01:13.395 INFO (MainThread) [music_assistant.players] Player (type group) registered: e8b2efba-069e-4020-a572-1dce64cba85c/Hobbykamer en gym
2026-05-02 03:01:13.729 INFO (MainThread) [music_assistant.webserver] WebSocket client authenticated as bert
2026-05-02 03:01:16.613 INFO (MainThread) [music_assistant.players] Player (type player) registered: RINCON_48A6B83564F901400/Huiskamer
2026-05-02 03:01:17.527 INFO (MainThread) [music_assistant] Loaded music provider YouTube Music
2026-05-02 03:01:17.692 INFO (MainThread) [music_assistant.players] Player (type player) registered: RINCON_B8E937D4FB0401400/Keuken
2026-05-02 03:02:10.539 INFO (MainThread) [music_assistant.Music Assistant] Playlist migration completed with 0 errors
2026-05-02 03:02:19.125 INFO (MainThread) [music_assistant.music.genre] Genre mapping scan completed: 0 items mapped (0.1s)
2026-05-02 03:04:59.053 INFO (MainThread) [music_assistant.AirPlay.bridge.ap7e95fda569eb] Sendspin bridge registered for CCE-LP08-MAC (client_id=spb_7e95fda569eb)
2026-05-02 03:04:59.054 INFO (MainThread) [music_assistant.airplay.bridge_manager] Sendspin bridge created for CCE-LP08-MAC
2026-05-02 03:04:59.060 INFO (MainThread) [music_assistant.players] Player (type protocol) registered: ap7e95fda569eb/CCE-LP08-MAC
2026-05-02 03:04:59.074 INFO (MainThread) [music_assistant.players] Player (type protocol) registered: spb_7e95fda569eb/CCE-LP08-MAC (AirPlay)
2026-05-02 03:05:02.632 INFO (MainThread) [music_assistant.players] Player unavailable: CCE-LP08-MAC (AirPlay)
2026-05-02 03:05:02.633 INFO (MainThread) [music_assistant.players] Player unavailable: CCE-LP08-MAC
2026-05-02 03:06:18.295 INFO (MainThread) [music_assistant.players] Player (type protocol) registered: uuid:RINCON_48A6B83564F901400_MR/Huiskamer - Sonos Beam Media Renderer - RINCON_48A6B83564F901400
2026-05-02 03:06:18.924 INFO (MainThread) [music_assistant.players] Player (type protocol) registered: uuid:RINCON_B8E937D4FB0401400_MR/Keuken - Sonos Play:3 Media Renderer - RINCON_B8E937D4FB0401400
2026-05-02 03:22:34.428 INFO (MainThread) [music_assistant.AirPlay.bridge.ap7e95fda569eb] Sendspin bridge registered for CCE-LP08-MAC (client_id=spb_7e95fda569eb)
2026-05-02 03:22:34.428 INFO (MainThread) [music_assistant.airplay.bridge_manager] Sendspin bridge created for CCE-LP08-MAC
2026-05-02 03:22:34.430 INFO (MainThread) [music_assistant.players] Player (type protocol) registered: ap7e95fda569eb/CCE-LP08-MAC
2026-05-02 03:22:34.435 INFO (MainThread) [music_assistant.players] Player (type protocol) registered: spb_7e95fda569eb/CCE-LP08-MAC (AirPlay)
2026-05-02 03:22:37.629 INFO (MainThread) [music_assistant.players] Player unavailable: CCE-LP08-MAC (AirPlay)
2026-05-02 03:22:37.630 INFO (MainThread) [music_assistant.players] Player unavailable: CCE-LP08-MAC
2026-05-02 03:40:05.446 INFO (MainThread) [music_assistant.AirPlay.bridge.ap7e95fda569eb] Sendspin bridge registered for CCE-LP08-MAC (client_id=spb_7e95fda569eb)
2026-05-02 03:40:05.446 INFO (MainThread) [music_assistant.airplay.bridge_manager] Sendspin bridge created for CCE-LP08-MAC
2026-05-02 03:40:05.450 INFO (MainThread) [music_assistant.players] Player (type protocol) registered: ap7e95fda569eb/CCE-LP08-MAC
2026-05-02 03:40:05.466 INFO (MainThread) [music_assistant.players] Player (type protocol) registered: spb_7e95fda569eb/CCE-LP08-MAC (AirPlay)
2026-05-02 03:40:08.625 INFO (MainThread) [music_assistant.players] Player unavailable: CCE-LP08-MAC (AirPlay)
2026-05-02 03:40:08.626 INFO (MainThread) [music_assistant.players] Player unavailable: CCE-LP08-MAC
2026-05-02 03:56:55.416 INFO (MainThread) [music_assistant.AirPlay.bridge.ap7e95fda569eb] Sendspin bridge registered for CCE-LP08-MAC (client_id=spb_7e95fda569eb)
2026-05-02 03:56:55.416 INFO (MainThread) [music_assistant.airplay.bridge_manager] Sendspin bridge created for CCE-LP08-MAC
2026-05-02 03:56:55.418 INFO (MainThread) [music_assistant.players] Player (type protocol) registered: ap7e95fda569eb/CCE-LP08-MAC
2026-05-02 03:56:55.423 INFO (MainThread) [music_assistant.players] Player (type protocol) registered: spb_7e95fda569eb/CCE-LP08-MAC (AirPlay)
2026-05-02 03:56:58.623 INFO (MainThread) [music_assistant.players] Player unavailable: CCE-LP08-MAC (AirPlay)
2026-05-02 03:56:58.624 INFO (MainThread) [music_assistant.players] Player unavailable: CCE-LP08-MAC
2026-05-02 04:02:25.346 INFO (MainThread) [music_assistant.music.genre] Genre mapping scan completed: 0 items mapped (0.1s)
2026-05-02 04:14:04.484 INFO (MainThread) [music_assistant.AirPlay.bridge.ap7e95fda569eb] Sendspin bridge registered for CCE-LP08-MAC (client_id=spb_7e95fda569eb)
2026-05-02 04:14:04.484 INFO (MainThread) [music_assistant.airplay.bridge_manager] Sendspin bridge created for CCE-LP08-MAC
2026-05-02 04:14:04.486 INFO (MainThread) [music_assistant.players] Player (type protocol) registered: ap7e95fda569eb/CCE-LP08-MAC
2026-05-02 04:14:04.492 INFO (MainThread) [music_assistant.players] Player (type protocol) registered: spb_7e95fda569eb/CCE-LP08-MAC (AirPlay)
2026-05-02 04:14:07.612 INFO (MainThread) [music_assistant.players] Player unavailable: CCE-LP08-MAC (AirPlay)
2026-05-02 04:14:07.613 INFO (MainThread) [music_assistant.players] Player unavailable: CCE-LP08-MAC
2026-05-02 04:30:22.561 INFO (MainThread) [music_assistant.AirPlay.bridge.ap7e95fda569eb] Sendspin bridge registered for CCE-LP08-MAC (client_id=spb_7e95fda569eb)
2026-05-02 04:30:22.561 INFO (MainThread) [music_assistant.airplay.bridge_manager] Sendspin bridge created for CCE-LP08-MAC
2026-05-02 04:30:22.563 INFO (MainThread) [music_assistant.players] Player (type protocol) registered: ap7e95fda569eb/CCE-LP08-MAC
2026-05-02 04:30:22.569 INFO (MainThread) [music_assistant.players] Player (type protocol) registered: spb_7e95fda569eb/CCE-LP08-MAC (AirPlay)
2026-05-02 04:30:25.603 INFO (MainThread) [music_assistant.players] Player unavailable: CCE-LP08-MAC (AirPlay)
2026-05-02 04:30:25.604 INFO (MainThread) [music_assistant.players] Player unavailable: CCE-LP08-MAC
2026-05-02 04:40:12.430 INFO (MainThread) [music_assistant.players] Player (type protocol) registered: 97cf4e29-af55-505d-ff52-18be8c5529b7/2021/22 Philips UHD Android TV
2026-05-02 04:40:12.434 INFO (MainThread) [music_assistant.Chromecast.bridge.97cf4e29-af55-505d-ff52-18be8c5529b7] Sendspin bridge registered for 2021/22 Philips UHD Android TV (client_id=spb_0ccafb0ec3ce)
2026-05-02 04:40:12.434 INFO (MainThread) [music_assistant.chromecast.bridge_manager] Sendspin bridge created for 2021/22 Philips UHD Android TV
2026-05-02 04:40:12.443 INFO (MainThread) [music_assistant.players] Player (type protocol) registered: spb_0ccafb0ec3ce/2021/22 Philips UHD Android TV (Cast)
2026-05-02 04:41:27.584 ERROR (Thread-17) [pychromecast.socket_client] [2021/22 Philips UHD Android TV(10.77.20.91):8009] Failed to connect to service HostServiceInfo(host='10.77.20.91', port=8009), retrying in 5.0s
2026-05-02 04:43:03.718 ERROR (Thread-17) [pychromecast.socket_client] [2021/22 Philips UHD Android TV(10.77.20.91):8009] Failed to connect to service HostServiceInfo(host='10.77.20.91', port=8009), retrying in 5.0s
2026-05-02 04:45:47.332 INFO (MainThread) [music_assistant.AirPlay.bridge.ap7e95fda569eb] Sendspin bridge registered for CCE-LP08-MAC (client_id=spb_7e95fda569eb)
2026-05-02 04:45:47.332 INFO (MainThread) [music_assistant.airplay.bridge_manager] Sendspin bridge created for CCE-LP08-MAC
2026-05-02 04:45:47.337 INFO (MainThread) [music_assistant.players] Player (type protocol) registered: ap7e95fda569eb/CCE-LP08-MAC
2026-05-02 04:45:47.351 INFO (MainThread) [music_assistant.players] Player (type protocol) registered: spb_7e95fda569eb/CCE-LP08-MAC (AirPlay)
2026-05-02 04:45:50.597 INFO (MainThread) [music_assistant.players] Player unavailable: CCE-LP08-MAC (AirPlay)
2026-05-02 04:45:50.598 INFO (MainThread) [music_assistant.players] Player unavailable: CCE-LP08-MAC
2026-05-02 04:47:47.363 INFO (MainThread) [music_assistant.AirPlay.bridge.ap7e95fda569eb] Sendspin bridge registered for CCE-LP08-MAC (client_id=spb_7e95fda569eb)
2026-05-02 04:47:47.363 INFO (MainThread) [music_assistant.airplay.bridge_manager] Sendspin bridge created for CCE-LP08-MAC
2026-05-02 04:47:47.365 INFO (MainThread) [music_assistant.players] Player (type protocol) registered: ap7e95fda569eb/CCE-LP08-MAC
2026-05-02 04:47:47.372 INFO (MainThread) [music_assistant.players] Player (type protocol) registered: spb_7e95fda569eb/CCE-LP08-MAC (AirPlay)
2026-05-02 04:48:30.758 INFO (MainThread) [music_assistant.players] Player unavailable: CCE-LP08-MAC (AirPlay)
2026-05-02 04:48:30.758 INFO (MainThread) [music_assistant.players] Player unavailable: CCE-LP08-MAC
2026-05-02 05:06:10.318 INFO (MainThread) [music_assistant.AirPlay.bridge.ap7e95fda569eb] Sendspin bridge registered for CCE-LP08-MAC (client_id=spb_7e95fda569eb)
2026-05-02 05:06:10.319 INFO (MainThread) [music_assistant.airplay.bridge_manager] Sendspin bridge created for CCE-LP08-MAC
2026-05-02 05:06:10.322 INFO (MainThread) [music_assistant.players] Player (type protocol) registered: ap7e95fda569eb/CCE-LP08-MAC
2026-05-02 05:06:10.333 INFO (MainThread) [music_assistant.players] Player (type protocol) registered: spb_7e95fda569eb/CCE-LP08-MAC (AirPlay)
2026-05-02 05:06:13.579 INFO (MainThread) [music_assistant.players] Player unavailable: CCE-LP08-MAC (AirPlay)
2026-05-02 05:06:13.580 INFO (MainThread) [music_assistant.players] Player unavailable: CCE-LP08-MAC
2026-05-02 05:23:56.317 INFO (MainThread) [music_assistant.AirPlay.bridge.ap7e95fda569eb] Sendspin bridge registered for CCE-LP08-MAC (client_id=spb_7e95fda569eb)
2026-05-02 05:23:56.317 INFO (MainThread) [music_assistant.airplay.bridge_manager] Sendspin bridge created for CCE-LP08-MAC
2026-05-02 05:23:56.319 INFO (MainThread) [music_assistant.players] Player (type protocol) registered: ap7e95fda569eb/CCE-LP08-MAC
2026-05-02 05:23:56.325 INFO (MainThread) [music_assistant.players] Player (type protocol) registered: spb_7e95fda569eb/CCE-LP08-MAC (AirPlay)
2026-05-02 05:23:59.583 INFO (MainThread) [music_assistant.players] Player unavailable: CCE-LP08-MAC (AirPlay)
2026-05-02 05:23:59.585 INFO (MainThread) [music_assistant.players] Player unavailable: CCE-LP08-MAC
2026-05-02 05:40:03.366 INFO (MainThread) [music_assistant.AirPlay.bridge.ap7e95fda569eb] Sendspin bridge registered for CCE-LP08-MAC (client_id=spb_7e95fda569eb)
2026-05-02 05:40:03.366 INFO (MainThread) [music_assistant.airplay.bridge_manager] Sendspin bridge created for CCE-LP08-MAC
2026-05-02 05:40:03.368 INFO (MainThread) [music_assistant.players] Player (type protocol) registered: ap7e95fda569eb/CCE-LP08-MAC
2026-05-02 05:40:03.374 INFO (MainThread) [music_assistant.players] Player (type protocol) registered: spb_7e95fda569eb/CCE-LP08-MAC (AirPlay)
2026-05-02 05:40:06.579 INFO (MainThread) [music_assistant.players] Player unavailable: CCE-LP08-MAC (AirPlay)
2026-05-02 05:40:06.580 INFO (MainThread) [music_assistant.players] Player unavailable: CCE-LP08-MAC
2026-05-02 05:48:47.348 INFO (MainThread) [music_assistant.AirPlay.bridge.ap7e95fda569eb] Sendspin bridge registered for CCE-LP08-MAC (client_id=spb_7e95fda569eb)
2026-05-02 05:48:47.348 INFO (MainThread) [music_assistant.airplay.bridge_manager] Sendspin bridge created for CCE-LP08-MAC
2026-05-02 05:48:47.353 INFO (MainThread) [music_assistant.players] Player (type protocol) registered: ap7e95fda569eb/CCE-LP08-MAC
2026-05-02 05:48:47.367 INFO (MainThread) [music_assistant.players] Player (type protocol) registered: spb_7e95fda569eb/CCE-LP08-MAC (AirPlay)
2026-05-02 05:49:30.730 INFO (MainThread) [music_assistant.players] Player unavailable: CCE-LP08-MAC (AirPlay)
2026-05-02 05:49:30.731 INFO (MainThread) [music_assistant.players] Player unavailable: CCE-LP08-MAC
2026-05-02 06:02:19.145 INFO (MainThread) [music_assistant.music.genre] Genre mapping scan completed: 6 items mapped (0.1s)
2026-05-02 06:06:20.307 INFO (MainThread) [music_assistant.AirPlay.bridge.ap7e95fda569eb] Sendspin bridge registered for CCE-LP08-MAC (client_id=spb_7e95fda569eb)
2026-05-02 06:06:20.308 INFO (MainThread) [music_assistant.airplay.bridge_manager] Sendspin bridge created for CCE-LP08-MAC
2026-05-02 06:06:20.309 INFO (MainThread) [music_assistant.players] Player (type protocol) registered: ap7e95fda569eb/CCE-LP08-MAC
2026-05-02 06:06:20.315 INFO (MainThread) [music_assistant.players] Player (type protocol) registered: spb_7e95fda569eb/CCE-LP08-MAC (AirPlay)
2026-05-02 06:06:23.554 INFO (MainThread) [music_assistant.players] Player unavailable: CCE-LP08-MAC (AirPlay)
2026-05-02 06:06:23.555 INFO (MainThread) [music_assistant.players] Player unavailable: CCE-LP08-MAC
2026-05-02 06:23:28.353 INFO (MainThread) [music_assistant.AirPlay.bridge.ap7e95fda569eb] Sendspin bridge registered for CCE-LP08-MAC (client_id=spb_7e95fda569eb)
2026-05-02 06:23:28.353 INFO (MainThread) [music_assistant.airplay.bridge_manager] Sendspin bridge created for CCE-LP08-MAC
2026-05-02 06:23:28.355 INFO (MainThread) [music_assistant.players] Player (type protocol) registered: ap7e95fda569eb/CCE-LP08-MAC
2026-05-02 06:23:28.362 INFO (MainThread) [music_assistant.players] Player (type protocol) registered: spb_7e95fda569eb/CCE-LP08-MAC (AirPlay)
2026-05-02 06:23:31.551 INFO (MainThread) [music_assistant.players] Player unavailable: CCE-LP08-MAC (AirPlay)
2026-05-02 06:23:31.553 INFO (MainThread) [music_assistant.players] Player unavailable: CCE-LP08-MAC
2026-05-02 06:41:11.320 INFO (MainThread) [music_assistant.AirPlay.bridge.ap7e95fda569eb] Sendspin bridge registered for CCE-LP08-MAC (client_id=spb_7e95fda569eb)
2026-05-02 06:41:11.320 INFO (MainThread) [music_assistant.airplay.bridge_manager] Sendspin bridge created for CCE-LP08-MAC
2026-05-02 06:41:11.325 INFO (MainThread) [music_assistant.players] Player (type protocol) registered: ap7e95fda569eb/CCE-LP08-MAC
2026-05-02 06:41:11.341 INFO (MainThread) [music_assistant.players] Player (type protocol) registered: spb_7e95fda569eb/CCE-LP08-MAC (AirPlay)
2026-05-02 06:41:14.549 INFO (MainThread) [music_assistant.players] Player unavailable: CCE-LP08-MAC (AirPlay)
2026-05-02 06:41:14.550 INFO (MainThread) [music_assistant.players] Player unavailable: CCE-LP08-MAC
2026-05-02 06:49:47.358 INFO (MainThread) [music_assistant.AirPlay.bridge.ap7e95fda569eb] Sendspin bridge registered for CCE-LP08-MAC (client_id=spb_7e95fda569eb)
2026-05-02 06:49:47.358 INFO (MainThread) [music_assistant.airplay.bridge_manager] Sendspin bridge created for CCE-LP08-MAC
2026-05-02 06:49:47.363 INFO (MainThread) [music_assistant.players] Player (type protocol) registered: ap7e95fda569eb/CCE-LP08-MAC
2026-05-02 06:49:47.377 INFO (MainThread) [music_assistant.players] Player (type protocol) registered: spb_7e95fda569eb/CCE-LP08-MAC (AirPlay)
2026-05-02 06:50:30.724 INFO (MainThread) [music_assistant.players] Player unavailable: CCE-LP08-MAC (AirPlay)
2026-05-02 06:50:30.725 INFO (MainThread) [music_assistant.players] Player unavailable: CCE-LP08-MAC
2026-05-02 06:56:56.628 INFO (MainThread) [music_assistant.music.genre] Genre mapping scan completed: 0 items mapped (0.1s)
2026-05-02 06:59:17.378 INFO (MainThread) [music_assistant.music.genre] Genre mapping scan completed: 0 items mapped (0.1s)
2026-05-02 07:00:13.292 INFO (MainThread) [music_assistant.music.genre] Genre mapping scan completed: 0 items mapped (0.1s)
2026-05-02 07:06:32.284 INFO (MainThread) [music_assistant.AirPlay.bridge.ap7e95fda569eb] Sendspin bridge registered for CCE-LP08-MAC (client_id=spb_7e95fda569eb)
2026-05-02 07:06:32.284 INFO (MainThread) [music_assistant.airplay.bridge_manager] Sendspin bridge created for CCE-LP08-MAC
2026-05-02 07:06:32.291 INFO (MainThread) [music_assistant.players] Player (type protocol) registered: ap7e95fda569eb/CCE-LP08-MAC
2026-05-02 07:06:32.306 INFO (MainThread) [music_assistant.players] Player (type protocol) registered: spb_7e95fda569eb/CCE-LP08-MAC (AirPlay)
2026-05-02 07:06:35.544 INFO (MainThread) [music_assistant.players] Player unavailable: CCE-LP08-MAC (AirPlay)
2026-05-02 07:06:35.545 INFO (MainThread) [music_assistant.players] Player unavailable: CCE-LP08-MAC
2026-05-02 07:24:07.311 INFO (MainThread) [music_assistant.AirPlay.bridge.ap7e95fda569eb] Sendspin bridge registered for CCE-LP08-MAC (client_id=spb_7e95fda569eb)
2026-05-02 07:24:07.312 INFO (MainThread) [music_assistant.airplay.bridge_manager] Sendspin bridge created for CCE-LP08-MAC
2026-05-02 07:24:07.316 INFO (MainThread) [music_assistant.players] Player (type protocol) registered: ap7e95fda569eb/CCE-LP08-MAC
2026-05-02 07:24:07.327 INFO (MainThread) [music_assistant.players] Player (type protocol) registered: spb_7e95fda569eb/CCE-LP08-MAC (AirPlay)
2026-05-02 07:24:10.535 INFO (MainThread) [music_assistant.players] Player unavailable: CCE-LP08-MAC (AirPlay)
2026-05-02 07:24:10.536 INFO (MainThread) [music_assistant.players] Player unavailable: CCE-LP08-MAC
2026-05-02 07:41:11.347 INFO (MainThread) [music_assistant.AirPlay.bridge.ap7e95fda569eb] Sendspin bridge registered for CCE-LP08-MAC (client_id=spb_7e95fda569eb)
2026-05-02 07:41:11.347 INFO (MainThread) [music_assistant.airplay.bridge_manager] Sendspin bridge created for CCE-LP08-MAC
2026-05-02 07:41:11.349 INFO (MainThread) [music_assistant.players] Player (type protocol) registered: ap7e95fda569eb/CCE-LP08-MAC
2026-05-02 07:41:11.354 INFO (MainThread) [music_assistant.players] Player (type protocol) registered: spb_7e95fda569eb/CCE-LP08-MAC (AirPlay)
2026-05-02 07:41:14.518 INFO (MainThread) [music_assistant.players] Player unavailable: CCE-LP08-MAC (AirPlay)
2026-05-02 07:41:14.520 INFO (MainThread) [music_assistant.players] Player unavailable: CCE-LP08-MAC
2026-05-02 07:50:47.283 INFO (MainThread) [music_assistant.AirPlay.bridge.ap7e95fda569eb] Sendspin bridge registered for CCE-LP08-MAC (client_id=spb_7e95fda569eb)
2026-05-02 07:50:47.284 INFO (MainThread) [music_assistant.airplay.bridge_manager] Sendspin bridge created for CCE-LP08-MAC
2026-05-02 07:50:47.289 INFO (MainThread) [music_assistant.players] Player (type protocol) registered: ap7e95fda569eb/CCE-LP08-MAC
2026-05-02 07:50:47.304 INFO (MainThread) [music_assistant.players] Player (type protocol) registered: spb_7e95fda569eb/CCE-LP08-MAC (AirPlay)
2026-05-02 07:51:30.718 INFO (MainThread) [music_assistant.players] Player unavailable: CCE-LP08-MAC (AirPlay)
2026-05-02 07:51:30.719 INFO (MainThread) [music_assistant.players] Player unavailable: CCE-LP08-MAC
2026-05-02 07:59:59.297 INFO (MainThread) [music_assistant.AirPlay.bridge.ap7e95fda569eb] Sendspin bridge registered for CCE-LP08-MAC (client_id=spb_7e95fda569eb)
2026-05-02 07:59:59.298 INFO (MainThread) [music_assistant.airplay.bridge_manager] Sendspin bridge created for CCE-LP08-MAC
2026-05-02 07:59:59.303 INFO (MainThread) [music_assistant.players] Player (type protocol) registered: ap7e95fda569eb/CCE-LP08-MAC
2026-05-02 07:59:59.317 INFO (MainThread) [music_assistant.players] Player (type protocol) registered: spb_7e95fda569eb/CCE-LP08-MAC (AirPlay)
2026-05-02 08:00:42.706 INFO (MainThread) [music_assistant.players] Player unavailable: CCE-LP08-MAC (AirPlay)
2026-05-02 08:00:42.707 INFO (MainThread) [music_assistant.players] Player unavailable: CCE-LP08-MAC
2026-05-02 08:15:47.240 INFO (MainThread) [music_assistant.AirPlay.bridge.ap7e95fda569eb] Sendspin bridge registered for CCE-LP08-MAC (client_id=spb_7e95fda569eb)
2026-05-02 08:15:47.241 INFO (MainThread) [music_assistant.airplay.bridge_manager] Sendspin bridge created for CCE-LP08-MAC
2026-05-02 08:15:47.246 INFO (MainThread) [music_assistant.players] Player (type protocol) registered: ap7e95fda569eb/CCE-LP08-MAC
2026-05-02 08:15:47.259 INFO (MainThread) [music_assistant.players] Player (type protocol) registered: spb_7e95fda569eb/CCE-LP08-MAC (AirPlay)
2026-05-02 08:15:50.513 INFO (MainThread) [music_assistant.players] Player unavailable: CCE-LP08-MAC (AirPlay)
2026-05-02 08:15:50.513 INFO (MainThread) [music_assistant.players] Player unavailable: CCE-LP08-MAC
2026-05-02 08:32:17.267 INFO (MainThread) [music_assistant.AirPlay.bridge.ap7e95fda569eb] Sendspin bridge registered for CCE-LP08-MAC (client_id=spb_7e95fda569eb)
2026-05-02 08:32:17.268 INFO (MainThread) [music_assistant.airplay.bridge_manager] Sendspin bridge created for CCE-LP08-MAC
2026-05-02 08:32:17.272 INFO (MainThread) [music_assistant.players] Player (type protocol) registered: ap7e95fda569eb/CCE-LP08-MAC
2026-05-02 08:32:17.288 INFO (MainThread) [music_assistant.players] Player (type protocol) registered: spb_7e95fda569eb/CCE-LP08-MAC (AirPlay)
2026-05-02 08:32:20.498 INFO (MainThread) [music_assistant.players] Player unavailable: CCE-LP08-MAC (AirPlay)
2026-05-02 08:32:20.499 INFO (MainThread) [music_assistant.players] Player unavailable: CCE-LP08-MAC
2026-05-02 08:47:50.194 INFO (MainThread) [music_assistant.AirPlay.bridge.ap7e95fda569eb] Sendspin bridge registered for CCE-LP08-MAC (client_id=spb_7e95fda569eb)
2026-05-02 08:47:50.194 INFO (MainThread) [music_assistant.airplay.bridge_manager] Sendspin bridge created for CCE-LP08-MAC
2026-05-02 08:47:50.195 INFO (MainThread) [music_assistant.players] Player (type protocol) registered: ap7e95fda569eb/CCE-LP08-MAC
2026-05-02 08:47:50.202 INFO (MainThread) [music_assistant.players] Player (type protocol) registered: spb_7e95fda569eb/CCE-LP08-MAC (AirPlay)
2026-05-02 08:47:53.491 INFO (MainThread) [music_assistant.players] Player unavailable: CCE-LP08-MAC (AirPlay)
2026-05-02 08:47:53.492 INFO (MainThread) [music_assistant.players] Player unavailable: CCE-LP08-MAC
2026-05-02 08:51:47.387 INFO (MainThread) [music_assistant.AirPlay.bridge.ap7e95fda569eb] Sendspin bridge registered for CCE-LP08-MAC (client_id=spb_7e95fda569eb)
2026-05-02 08:51:47.387 INFO (MainThread) [music_assistant.airplay.bridge_manager] Sendspin bridge created for CCE-LP08-MAC
2026-05-02 08:51:47.391 INFO (MainThread) [music_assistant.players] Player (type protocol) registered: ap7e95fda569eb/CCE-LP08-MAC
2026-05-02 08:51:47.410 INFO (MainThread) [music_assistant.players] Player (type protocol) registered: spb_7e95fda569eb/CCE-LP08-MAC (AirPlay)
2026-05-02 08:52:30.689 INFO (MainThread) [music_assistant.players] Player unavailable: CCE-LP08-MAC (AirPlay)
2026-05-02 08:52:30.690 INFO (MainThread) [music_assistant.players] Player unavailable: CCE-LP08-MAC
2026-05-02 09:00:34.653 ERROR (Thread-17) [pychromecast.socket_client] [2021/22 Philips UHD Android TV(10.77.20.91):8009] Failed to connect to service HostServiceInfo(host='10.77.20.91', port=8009), retrying in 5.0s
2026-05-02 09:02:19.127 INFO (MainThread) [music_assistant.music.genre] Genre mapping scan completed: 0 items mapped (0.1s)
2026-05-02 09:08:06.252 INFO (MainThread) [music_assistant.AirPlay.bridge.ap7e95fda569eb] Sendspin bridge registered for CCE-LP08-MAC (client_id=spb_7e95fda569eb)
2026-05-02 09:08:06.252 INFO (MainThread) [music_assistant.airplay.bridge_manager] Sendspin bridge created for CCE-LP08-MAC
2026-05-02 09:08:06.254 INFO (MainThread) [music_assistant.players] Player (type protocol) registered: ap7e95fda569eb/CCE-LP08-MAC
2026-05-02 09:08:06.260 INFO (MainThread) [music_assistant.players] Player (type protocol) registered: spb_7e95fda569eb/CCE-LP08-MAC (AirPlay)
2026-05-02 09:08:09.495 INFO (MainThread) [music_assistant.players] Player unavailable: CCE-LP08-MAC (AirPlay)
2026-05-02 09:08:09.497 INFO (MainThread) [music_assistant.players] Player unavailable: CCE-LP08-MAC
2026-05-02 09:14:33.613 INFO (MainThread) [music_assistant.AirPlay.bridge.ap7e95fda569eb] Sendspin bridge registered for CCE-LP08-MAC (client_id=spb_7e95fda569eb)
2026-05-02 09:14:33.613 INFO (MainThread) [music_assistant.airplay.bridge_manager] Sendspin bridge created for CCE-LP08-MAC
2026-05-02 09:14:33.618 INFO (MainThread) [music_assistant.players] Player (type protocol) registered: ap7e95fda569eb/CCE-LP08-MAC
2026-05-02 09:14:33.635 INFO (MainThread) [music_assistant.players] Player (type protocol) registered: spb_7e95fda569eb/CCE-LP08-MAC (AirPlay)
2026-05-02 10:10:30.521 INFO (MainThread) [music_assistant.players] Player unavailable: CCE-LP08-MAC (AirPlay)
2026-05-02 10:10:30.522 INFO (MainThread) [music_assistant.players] Player unavailable: CCE-LP08-MAC
2026-05-02 10:16:00.960 ERROR (Thread-8) [pychromecast.socket_client] [Keuken Nest Hub(10.77.20.58):8009] Failed to connect to service HostServiceInfo(host='10.77.20.58', port=8009), retrying in 5.0s
2026-05-02 10:25:55.251 INFO (MainThread) [music_assistant.AirPlay.bridge.ap7e95fda569eb] Sendspin bridge registered for CCE-LP08-MAC (client_id=spb_7e95fda569eb)
2026-05-02 10:25:55.251 INFO (MainThread) [music_assistant.airplay.bridge_manager] Sendspin bridge created for CCE-LP08-MAC
2026-05-02 10:25:55.255 INFO (MainThread) [music_assistant.players] Player (type protocol) registered: ap7e95fda569eb/CCE-LP08-MAC
2026-05-02 10:25:55.272 INFO (MainThread) [music_assistant.players] Player (type protocol) registered: spb_7e95fda569eb/CCE-LP08-MAC (AirPlay)
2026-05-02 10:25:58.463 INFO (MainThread) [music_assistant.players] Player unavailable: CCE-LP08-MAC (AirPlay)
2026-05-02 10:25:58.464 INFO (MainThread) [music_assistant.players] Player unavailable: CCE-LP08-MAC
2026-05-02 10:43:40.210 INFO (MainThread) [music_assistant.AirPlay.bridge.ap7e95fda569eb] Sendspin bridge registered for CCE-LP08-MAC (client_id=spb_7e95fda569eb)
2026-05-02 10:43:40.210 INFO (MainThread) [music_assistant.airplay.bridge_manager] Sendspin bridge created for CCE-LP08-MAC
2026-05-02 10:43:40.212 INFO (MainThread) [music_assistant.players] Player (type protocol) registered: ap7e95fda569eb/CCE-LP08-MAC
2026-05-02 10:43:40.219 INFO (MainThread) [music_assistant.players] Player (type protocol) registered: spb_7e95fda569eb/CCE-LP08-MAC (AirPlay)
2026-05-02 10:43:43.471 INFO (MainThread) [music_assistant.players] Player unavailable: CCE-LP08-MAC (AirPlay)
2026-05-02 10:43:43.472 INFO (MainThread) [music_assistant.players] Player unavailable: CCE-LP08-MAC
2026-05-02 10:59:41.243 INFO (MainThread) [music_assistant.AirPlay.bridge.ap7e95fda569eb] Sendspin bridge registered for CCE-LP08-MAC (client_id=spb_7e95fda569eb)
2026-05-02 10:59:41.244 INFO (MainThread) [music_assistant.airplay.bridge_manager] Sendspin bridge created for CCE-LP08-MAC
2026-05-02 10:59:41.248 INFO (MainThread) [music_assistant.players] Player (type protocol) registered: ap7e95fda569eb/CCE-LP08-MAC
2026-05-02 10:59:41.263 INFO (MainThread) [music_assistant.players] Player (type protocol) registered: spb_7e95fda569eb/CCE-LP08-MAC (AirPlay)
2026-05-02 10:59:44.463 INFO (MainThread) [music_assistant.players] Player unavailable: CCE-LP08-MAC (AirPlay)
2026-05-02 10:59:44.464 INFO (MainThread) [music_assistant.players] Player unavailable: CCE-LP08-MAC
2026-05-02 11:00:03.225 INFO (MainThread) [music_assistant.AirPlay.bridge.ap7e95fda569eb] Sendspin bridge registered for CCE-LP08-MAC (client_id=spb_7e95fda569eb)
2026-05-02 11:00:03.225 INFO (MainThread) [music_assistant.airplay.bridge_manager] Sendspin bridge created for CCE-LP08-MAC
2026-05-02 11:00:03.227 INFO (MainThread) [music_assistant.players] Player (type protocol) registered: ap7e95fda569eb/CCE-LP08-MAC
2026-05-02 11:00:03.235 INFO (MainThread) [music_assistant.players] Player (type protocol) registered: spb_7e95fda569eb/CCE-LP08-MAC (AirPlay)
2026-05-02 11:12:50.866 INFO (MainThread) [music_assistant.players] Player unavailable: CCE-LP08-MAC (AirPlay)
2026-05-02 11:12:50.869 INFO (MainThread) [music_assistant.players] Player unavailable: CCE-LP08-MAC
2026-05-02 11:30:41.230 INFO (MainThread) [music_assistant.AirPlay.bridge.ap7e95fda569eb] Sendspin bridge registered for CCE-LP08-MAC (client_id=spb_7e95fda569eb)
2026-05-02 11:30:41.230 INFO (MainThread) [music_assistant.airplay.bridge_manager] Sendspin bridge created for CCE-LP08-MAC
2026-05-02 11:30:41.234 INFO (MainThread) [music_assistant.players] Player (type protocol) registered: ap7e95fda569eb/CCE-LP08-MAC
2026-05-02 11:30:41.250 INFO (MainThread) [music_assistant.players] Player (type protocol) registered: spb_7e95fda569eb/CCE-LP08-MAC (AirPlay)
2026-05-02 11:30:44.453 INFO (MainThread) [music_assistant.players] Player unavailable: CCE-LP08-MAC (AirPlay)
2026-05-02 11:30:44.454 INFO (MainThread) [music_assistant.players] Player unavailable: CCE-LP08-MAC
2026-05-02 11:48:21.248 INFO (MainThread) [music_assistant.AirPlay.bridge.ap7e95fda569eb] Sendspin bridge registered for CCE-LP08-MAC (client_id=spb_7e95fda569eb)
2026-05-02 11:48:21.249 INFO (MainThread) [music_assistant.airplay.bridge_manager] Sendspin bridge created for CCE-LP08-MAC
2026-05-02 11:48:21.253 INFO (MainThread) [music_assistant.players] Player (type protocol) registered: ap7e95fda569eb/CCE-LP08-MAC
2026-05-02 11:48:21.265 INFO (MainThread) [music_assistant.players] Player (type protocol) registered: spb_7e95fda569eb/CCE-LP08-MAC (AirPlay)
2026-05-02 11:48:24.445 INFO (MainThread) [music_assistant.players] Player unavailable: CCE-LP08-MAC (AirPlay)
2026-05-02 11:48:24.445 INFO (MainThread) [music_assistant.players] Player unavailable: CCE-LP08-MAC
2026-05-02 12:02:19.129 INFO (MainThread) [music_assistant.music.genre] Genre mapping scan completed: 0 items mapped (0.1s)
2026-05-02 12:02:32.600 INFO (MainThread) [music_assistant.AirPlay.bridge.ap7e95fda569eb] Sendspin bridge registered for CCE-LP08-MAC (client_id=spb_7e95fda569eb)
2026-05-02 12:02:32.600 INFO (MainThread) [music_assistant.airplay.bridge_manager] Sendspin bridge created for CCE-LP08-MAC
2026-05-02 12:02:32.602 INFO (MainThread) [music_assistant.players] Player (type protocol) registered: ap7e95fda569eb/CCE-LP08-MAC
2026-05-02 12:02:32.610 INFO (MainThread) [music_assistant.players] Player (type protocol) registered: spb_7e95fda569eb/CCE-LP08-MAC (AirPlay)
2026-05-02 12:15:45.873 INFO (MainThread) [music_assistant.players] Player unavailable: CCE-LP08-MAC (AirPlay)
2026-05-02 12:15:45.875 INFO (MainThread) [music_assistant.players] Player unavailable: CCE-LP08-MAC
2026-05-02 12:16:49.336 INFO (MainThread) [music_assistant.AirPlay.bridge.ap7e95fda569eb] Sendspin bridge registered for CCE-LP08-MAC (client_id=spb_7e95fda569eb)
2026-05-02 12:16:49.336 INFO (MainThread) [music_assistant.airplay.bridge_manager] Sendspin bridge created for CCE-LP08-MAC
2026-05-02 12:16:49.341 INFO (MainThread) [music_assistant.players] Player (type protocol) registered: ap7e95fda569eb/CCE-LP08-MAC
2026-05-02 12:16:49.352 INFO (MainThread) [music_assistant.players] Player (type protocol) registered: spb_7e95fda569eb/CCE-LP08-MAC (AirPlay)
2026-05-02 12:24:59.034 INFO (MainThread) [music_assistant.players] Player unavailable: CCE-LP08-MAC (AirPlay)
2026-05-02 12:24:59.035 INFO (MainThread) [music_assistant.players] Player unavailable: CCE-LP08-MAC
2026-05-02 12:33:48.096 INFO (MainThread) [music_assistant.AirPlay.bridge.ap7e95fda569eb] Sendspin bridge registered for CCE-LP08-MAC (client_id=spb_7e95fda569eb)
2026-05-02 12:33:48.096 INFO (MainThread) [music_assistant.airplay.bridge_manager] Sendspin bridge created for CCE-LP08-MAC
2026-05-02 12:33:48.098 INFO (MainThread) [music_assistant.players] Player (type protocol) registered: ap7e95fda569eb/CCE-LP08-MAC
2026-05-02 12:33:48.105 INFO (MainThread) [music_assistant.players] Player (type protocol) registered: spb_7e95fda569eb/CCE-LP08-MAC (AirPlay)
2026-05-02 12:42:32.870 INFO (MainThread) [music_assistant.players] Player unavailable: CCE-LP08-MAC (AirPlay)
2026-05-02 12:42:32.871 INFO (MainThread) [music_assistant.players] Player unavailable: CCE-LP08-MAC
2026-05-02 12:53:16.514 INFO (MainThread) [music_assistant.AirPlay.bridge.ap7e95fda569eb] Sendspin bridge registered for CCE-LP08-MAC (client_id=spb_7e95fda569eb)
2026-05-02 12:53:16.514 INFO (MainThread) [music_assistant.airplay.bridge_manager] Sendspin bridge created for CCE-LP08-MAC
2026-05-02 12:53:16.516 INFO (MainThread) [music_assistant.players] Player (type protocol) registered: ap7e95fda569eb/CCE-LP08-MAC
2026-05-02 12:53:16.524 INFO (MainThread) [music_assistant.players] Player (type protocol) registered: spb_7e95fda569eb/CCE-LP08-MAC (AirPlay)
2026-05-02 12:54:52.267 INFO (MainThread) [music_assistant.players] Player unavailable: CCE-LP08-MAC (AirPlay)
2026-05-02 12:54:52.269 INFO (MainThread) [music_assistant.players] Player unavailable: CCE-LP08-MAC
2026-05-02 13:12:31.190 INFO (MainThread) [music_assistant.AirPlay.bridge.ap7e95fda569eb] Sendspin bridge registered for CCE-LP08-MAC (client_id=spb_7e95fda569eb)
2026-05-02 13:12:31.190 INFO (MainThread) [music_assistant.airplay.bridge_manager] Sendspin bridge created for CCE-LP08-MAC
2026-05-02 13:12:31.191 INFO (MainThread) [music_assistant.players] Player (type protocol) registered: ap7e95fda569eb/CCE-LP08-MAC
2026-05-02 13:12:31.198 INFO (MainThread) [music_assistant.players] Player (type protocol) registered: spb_7e95fda569eb/CCE-LP08-MAC (AirPlay)
2026-05-02 13:12:34.433 INFO (MainThread) [music_assistant.players] Player unavailable: CCE-LP08-MAC (AirPlay)
2026-05-02 13:12:34.434 INFO (MainThread) [music_assistant.players] Player unavailable: CCE-LP08-MAC
2026-05-02 13:28:33.236 INFO (MainThread) [music_assistant.AirPlay.bridge.ap7e95fda569eb] Sendspin bridge registered for CCE-LP08-MAC (client_id=spb_7e95fda569eb)
2026-05-02 13:28:33.236 INFO (MainThread) [music_assistant.airplay.bridge_manager] Sendspin bridge created for CCE-LP08-MAC
2026-05-02 13:28:33.238 INFO (MainThread) [music_assistant.players] Player (type protocol) registered: ap7e95fda569eb/CCE-LP08-MAC
2026-05-02 13:28:33.246 INFO (MainThread) [music_assistant.players] Player (type protocol) registered: spb_7e95fda569eb/CCE-LP08-MAC (AirPlay)
2026-05-02 13:28:36.431 INFO (MainThread) [music_assistant.players] Player unavailable: CCE-LP08-MAC (AirPlay)
2026-05-02 13:28:36.431 INFO (MainThread) [music_assistant.players] Player unavailable: CCE-LP08-MAC
2026-05-02 13:46:00.204 INFO (MainThread) [music_assistant.AirPlay.bridge.ap7e95fda569eb] Sendspin bridge registered for CCE-LP08-MAC (client_id=spb_7e95fda569eb)
2026-05-02 13:46:00.204 INFO (MainThread) [music_assistant.airplay.bridge_manager] Sendspin bridge created for CCE-LP08-MAC
2026-05-02 13:46:00.205 INFO (MainThread) [music_assistant.players] Player (type protocol) registered: ap7e95fda569eb/CCE-LP08-MAC
2026-05-02 13:46:00.212 INFO (MainThread) [music_assistant.players] Player (type protocol) registered: spb_7e95fda569eb/CCE-LP08-MAC (AirPlay)
2026-05-02 13:46:03.412 INFO (MainThread) [music_assistant.players] Player unavailable: CCE-LP08-MAC (AirPlay)
2026-05-02 13:46:03.412 INFO (MainThread) [music_assistant.players] Player unavailable: CCE-LP08-MAC
2026-05-02 13:51:21.139 INFO (MainThread) [music_assistant.AirPlay.bridge.ap7e95fda569eb] Sendspin bridge registered for CCE-LP08-MAC (client_id=spb_7e95fda569eb)
2026-05-02 13:51:21.139 INFO (MainThread) [music_assistant.airplay.bridge_manager] Sendspin bridge created for CCE-LP08-MAC
2026-05-02 13:51:21.144 INFO (MainThread) [music_assistant.players] Player (type protocol) registered: ap7e95fda569eb/CCE-LP08-MAC
2026-05-02 13:51:21.159 INFO (MainThread) [music_assistant.players] Player (type protocol) registered: spb_7e95fda569eb/CCE-LP08-MAC (AirPlay)
2026-05-02 13:56:29.297 INFO (MainThread) [music_assistant.players] Player unavailable: CCE-LP08-MAC (AirPlay)
2026-05-02 13:56:29.299 INFO (MainThread) [music_assistant.players] Player unavailable: CCE-LP08-MAC
2026-05-02 14:03:24.240 INFO (MainThread) [music_assistant.AirPlay.bridge.ap7e95fda569eb] Sendspin bridge registered for CCE-LP08-MAC (client_id=spb_7e95fda569eb)
2026-05-02 14:03:24.240 INFO (MainThread) [music_assistant.airplay.bridge_manager] Sendspin bridge created for CCE-LP08-MAC
2026-05-02 14:03:24.245 INFO (MainThread) [music_assistant.players] Player (type protocol) registered: ap7e95fda569eb/CCE-LP08-MAC
2026-05-02 14:03:24.258 INFO (MainThread) [music_assistant.players] Player (type protocol) registered: spb_7e95fda569eb/CCE-LP08-MAC (AirPlay)
2026-05-02 14:22:32.221 INFO (MainThread) [music_assistant.players] Player unavailable: CCE-LP08-MAC (AirPlay)
2026-05-02 14:22:32.221 INFO (MainThread) [music_assistant.players] Player unavailable: CCE-LP08-MAC
2026-05-02 14:39:24.255 INFO (MainThread) [music_assistant.AirPlay.bridge.ap7e95fda569eb] Sendspin bridge registered for CCE-LP08-MAC (client_id=spb_7e95fda569eb)
2026-05-02 14:39:24.255 INFO (MainThread) [music_assistant.airplay.bridge_manager] Sendspin bridge created for CCE-LP08-MAC
2026-05-02 14:39:24.258 INFO (MainThread) [music_assistant.players] Player (type protocol) registered: ap7e95fda569eb/CCE-LP08-MAC
2026-05-02 14:39:24.265 INFO (MainThread) [music_assistant.players] Player (type protocol) registered: spb_7e95fda569eb/CCE-LP08-MAC (AirPlay)
2026-05-02 14:39:27.398 INFO (MainThread) [music_assistant.players] Player unavailable: CCE-LP08-MAC (AirPlay)
2026-05-02 14:39:27.398 INFO (MainThread) [music_assistant.players] Player unavailable: CCE-LP08-MAC
2026-05-02 14:56:40.239 INFO (MainThread) [music_assistant.AirPlay.bridge.ap7e95fda569eb] Sendspin bridge registered for CCE-LP08-MAC (client_id=spb_7e95fda569eb)
2026-05-02 14:56:40.239 INFO (MainThread) [music_assistant.airplay.bridge_manager] Sendspin bridge created for CCE-LP08-MAC
2026-05-02 14:56:40.244 INFO (MainThread) [music_assistant.players] Player (type protocol) registered: ap7e95fda569eb/CCE-LP08-MAC
2026-05-02 14:56:40.255 INFO (MainThread) [music_assistant.players] Player (type protocol) registered: spb_7e95fda569eb/CCE-LP08-MAC (AirPlay)
2026-05-02 14:56:43.394 INFO (MainThread) [music_assistant.players] Player unavailable: CCE-LP08-MAC (AirPlay)
2026-05-02 14:56:43.395 INFO (MainThread) [music_assistant.players] Player unavailable: CCE-LP08-MAC
2026-05-02 15:02:19.158 INFO (MainThread) [music_assistant.music.genre] Genre mapping scan completed: 0 items mapped (0.1s)
2026-05-02 15:14:23.145 INFO (MainThread) [music_assistant.AirPlay.bridge.ap7e95fda569eb] Sendspin bridge registered for CCE-LP08-MAC (client_id=spb_7e95fda569eb)
2026-05-02 15:14:23.145 INFO (MainThread) [music_assistant.airplay.bridge_manager] Sendspin bridge created for CCE-LP08-MAC
2026-05-02 15:14:23.150 INFO (MainThread) [music_assistant.players] Player (type protocol) registered: ap7e95fda569eb/CCE-LP08-MAC
2026-05-02 15:14:23.164 INFO (MainThread) [music_assistant.players] Player (type protocol) registered: spb_7e95fda569eb/CCE-LP08-MAC (AirPlay)
2026-05-02 15:14:26.395 INFO (MainThread) [music_assistant.players] Player unavailable: CCE-LP08-MAC (AirPlay)
2026-05-02 15:14:26.397 INFO (MainThread) [music_assistant.players] Player unavailable: CCE-LP08-MAC
2026-05-02 15:32:11.178 INFO (MainThread) [music_assistant.AirPlay.bridge.ap7e95fda569eb] Sendspin bridge registered for CCE-LP08-MAC (client_id=spb_7e95fda569eb)
2026-05-02 15:32:11.178 INFO (MainThread) [music_assistant.airplay.bridge_manager] Sendspin bridge created for CCE-LP08-MAC
2026-05-02 15:32:11.180 INFO (MainThread) [music_assistant.players] Player (type protocol) registered: ap7e95fda569eb/CCE-LP08-MAC
2026-05-02 15:32:11.186 INFO (MainThread) [music_assistant.players] Player (type protocol) registered: spb_7e95fda569eb/CCE-LP08-MAC (AirPlay)
2026-05-02 15:32:14.374 INFO (MainThread) [music_assistant.players] Player unavailable: CCE-LP08-MAC (AirPlay)
2026-05-02 15:32:14.376 INFO (MainThread) [music_assistant.players] Player unavailable: CCE-LP08-MAC
2026-05-02 15:49:04.094 INFO (MainThread) [music_assistant.AirPlay.bridge.ap7e95fda569eb] Sendspin bridge registered for CCE-LP08-MAC (client_id=spb_7e95fda569eb)
2026-05-02 15:49:04.094 INFO (MainThread) [music_assistant.airplay.bridge_manager] Sendspin bridge created for CCE-LP08-MAC
2026-05-02 15:49:04.098 INFO (MainThread) [music_assistant.players] Player (type protocol) registered: ap7e95fda569eb/CCE-LP08-MAC
2026-05-02 15:49:04.115 INFO (MainThread) [music_assistant.players] Player (type protocol) registered: spb_7e95fda569eb/CCE-LP08-MAC (AirPlay)
2026-05-02 15:49:07.376 INFO (MainThread) [music_assistant.players] Player unavailable: CCE-LP08-MAC (AirPlay)
2026-05-02 15:49:07.377 INFO (MainThread) [music_assistant.players] Player unavailable: CCE-LP08-MAC
2026-05-02 16:04:25.362 INFO (MainThread) [music_assistant.AirPlay.bridge.ap7e95fda569eb] Sendspin bridge registered for CCE-LP08-MAC (client_id=spb_7e95fda569eb)
2026-05-02 16:04:25.362 INFO (MainThread) [music_assistant.airplay.bridge_manager] Sendspin bridge created for CCE-LP08-MAC
2026-05-02 16:04:25.364 INFO (MainThread) [music_assistant.players] Player (type protocol) registered: ap7e95fda569eb/CCE-LP08-MAC
2026-05-02 16:04:25.369 INFO (MainThread) [music_assistant.players] Player (type protocol) registered: spb_7e95fda569eb/CCE-LP08-MAC (AirPlay)
2026-05-02 16:04:28.377 INFO (MainThread) [music_assistant.players] Player unavailable: CCE-LP08-MAC (AirPlay)
2026-05-02 16:04:28.378 INFO (MainThread) [music_assistant.players] Player unavailable: CCE-LP08-MAC
2026-05-02 16:10:27.137 INFO (MainThread) [music_assistant.AirPlay.bridge.ap7e95fda569eb] Sendspin bridge registered for CCE-LP08-MAC (client_id=spb_7e95fda569eb)
2026-05-02 16:10:27.137 INFO (MainThread) [music_assistant.airplay.bridge_manager] Sendspin bridge created for CCE-LP08-MAC
2026-05-02 16:10:27.142 INFO (MainThread) [music_assistant.players] Player (type protocol) registered: ap7e95fda569eb/CCE-LP08-MAC
2026-05-02 16:10:27.156 INFO (MainThread) [music_assistant.players] Player (type protocol) registered: spb_7e95fda569eb/CCE-LP08-MAC (AirPlay)
2026-05-02 16:16:11.047 INFO (MainThread) [music_assistant.players] Player unavailable: CCE-LP08-MAC (AirPlay)
2026-05-02 16:16:11.048 INFO (MainThread) [music_assistant.players] Player unavailable: CCE-LP08-MAC
2026-05-02 16:16:15.837 INFO (MainThread) [music_assistant.AirPlay.bridge.ap7e95fda569eb] Sendspin bridge registered for CCE-LP08-MAC (client_id=spb_7e95fda569eb)
2026-05-02 16:16:15.838 INFO (MainThread) [music_assistant.airplay.bridge_manager] Sendspin bridge created for CCE-LP08-MAC
2026-05-02 16:16:15.839 INFO (MainThread) [music_assistant.players] Player (type protocol) registered: ap7e95fda569eb/CCE-LP08-MAC
2026-05-02 16:16:15.846 INFO (MainThread) [music_assistant.players] Player (type protocol) registered: spb_7e95fda569eb/CCE-LP08-MAC (AirPlay)
2026-05-02 16:25:09.579 INFO (MainThread) [music_assistant.players] Player unavailable: CCE-LP08-MAC (AirPlay)
2026-05-02 16:25:09.580 INFO (MainThread) [music_assistant.players] Player unavailable: CCE-LP08-MAC
2026-05-02 16:33:20.333 INFO (MainThread) [music_assistant.AirPlay.bridge.ap7e95fda569eb] Sendspin bridge registered for CCE-LP08-MAC (client_id=spb_7e95fda569eb)
2026-05-02 16:33:20.333 INFO (MainThread) [music_assistant.airplay.bridge_manager] Sendspin bridge created for CCE-LP08-MAC
2026-05-02 16:33:20.339 INFO (MainThread) [music_assistant.players] Player (type protocol) registered: ap7e95fda569eb/CCE-LP08-MAC
2026-05-02 16:33:20.354 INFO (MainThread) [music_assistant.players] Player (type protocol) registered: spb_7e95fda569eb/CCE-LP08-MAC (AirPlay)
2026-05-02 16:52:47.832 INFO (MainThread) [music_assistant.players] Player unavailable: CCE-LP08-MAC (AirPlay)
2026-05-02 16:52:47.833 INFO (MainThread) [music_assistant.players] Player unavailable: CCE-LP08-MAC
2026-05-02 17:10:00.135 INFO (MainThread) [music_assistant.AirPlay.bridge.ap7e95fda569eb] Sendspin bridge registered for CCE-LP08-MAC (client_id=spb_7e95fda569eb)
2026-05-02 17:10:00.135 INFO (MainThread) [music_assistant.airplay.bridge_manager] Sendspin bridge created for CCE-LP08-MAC
2026-05-02 17:10:00.137 INFO (MainThread) [music_assistant.players] Player (type protocol) registered: ap7e95fda569eb/CCE-LP08-MAC
2026-05-02 17:10:00.144 INFO (MainThread) [music_assistant.players] Player (type protocol) registered: spb_7e95fda569eb/CCE-LP08-MAC (AirPlay)
2026-05-02 17:10:03.355 INFO (MainThread) [music_assistant.players] Player unavailable: CCE-LP08-MAC (AirPlay)
2026-05-02 17:10:03.356 INFO (MainThread) [music_assistant.players] Player unavailable: CCE-LP08-MAC
2026-05-02 17:14:03.726 INFO (MainThread) [music_assistant.AirPlay.bridge.ap7e95fda569eb] Sendspin bridge registered for CCE-LP08-MAC (client_id=spb_7e95fda569eb)
2026-05-02 17:14:03.726 INFO (MainThread) [music_assistant.airplay.bridge_manager] Sendspin bridge created for CCE-LP08-MAC
2026-05-02 17:14:03.731 INFO (MainThread) [music_assistant.players] Player (type protocol) registered: ap7e95fda569eb/CCE-LP08-MAC
2026-05-02 17:14:03.746 INFO (MainThread) [music_assistant.players] Player (type protocol) registered: spb_7e95fda569eb/CCE-LP08-MAC (AirPlay)
2026-05-02 17:14:47.070 INFO (MainThread) [music_assistant.players] Player unavailable: CCE-LP08-MAC (AirPlay)
2026-05-02 17:14:47.071 INFO (MainThread) [music_assistant.players] Player unavailable: CCE-LP08-MAC
2026-05-02 17:19:57.895 INFO (MainThread) [music_assistant.AirPlay.bridge.ap7e95fda569eb] Sendspin bridge registered for CCE-LP08-MAC (client_id=spb_7e95fda569eb)
2026-05-02 17:19:57.895 INFO (MainThread) [music_assistant.airplay.bridge_manager] Sendspin bridge created for CCE-LP08-MAC
2026-05-02 17:19:57.896 INFO (MainThread) [music_assistant.players] Player (type protocol) registered: ap7e95fda569eb/CCE-LP08-MAC
2026-05-02 17:19:57.903 INFO (MainThread) [music_assistant.players] Player (type protocol) registered: spb_7e95fda569eb/CCE-LP08-MAC (AirPlay)
2026-05-02 17:20:41.272 INFO (MainThread) [music_assistant.players] Player unavailable: CCE-LP08-MAC (AirPlay)
2026-05-02 17:20:41.273 INFO (MainThread) [music_assistant.players] Player unavailable: CCE-LP08-MAC
2026-05-02 17:37:19.149 INFO (MainThread) [music_assistant.AirPlay.bridge.ap7e95fda569eb] Sendspin bridge registered for CCE-LP08-MAC (client_id=spb_7e95fda569eb)
2026-05-02 17:37:19.150 INFO (MainThread) [music_assistant.airplay.bridge_manager] Sendspin bridge created for CCE-LP08-MAC
2026-05-02 17:37:19.154 INFO (MainThread) [music_assistant.players] Player (type protocol) registered: ap7e95fda569eb/CCE-LP08-MAC
2026-05-02 17:37:19.172 INFO (MainThread) [music_assistant.players] Player (type protocol) registered: spb_7e95fda569eb/CCE-LP08-MAC (AirPlay)
2026-05-02 17:37:22.341 INFO (MainThread) [music_assistant.players] Player unavailable: CCE-LP08-MAC (AirPlay)
2026-05-02 17:37:22.342 INFO (MainThread) [music_assistant.players] Player unavailable: CCE-LP08-MAC
2026-05-02 17:53:31.114 INFO (MainThread) [music_assistant.AirPlay.bridge.ap7e95fda569eb] Sendspin bridge registered for CCE-LP08-MAC (client_id=spb_7e95fda569eb)
2026-05-02 17:53:31.114 INFO (MainThread) [music_assistant.airplay.bridge_manager] Sendspin bridge created for CCE-LP08-MAC
2026-05-02 17:53:31.119 INFO (MainThread) [music_assistant.players] Player (type protocol) registered: ap7e95fda569eb/CCE-LP08-MAC
2026-05-02 17:53:31.136 INFO (MainThread) [music_assistant.players] Player (type protocol) registered: spb_7e95fda569eb/CCE-LP08-MAC (AirPlay)
2026-05-02 17:53:34.342 INFO (MainThread) [music_assistant.players] Player unavailable: CCE-LP08-MAC (AirPlay)
2026-05-02 17:53:34.343 INFO (MainThread) [music_assistant.players] Player unavailable: CCE-LP08-MAC
2026-05-02 18:02:19.162 INFO (MainThread) [music_assistant.music.genre] Genre mapping scan completed: 0 items mapped (0.1s)
2026-05-02 18:10:38.100 INFO (MainThread) [music_assistant.AirPlay.bridge.ap7e95fda569eb] Sendspin bridge registered for CCE-LP08-MAC (client_id=spb_7e95fda569eb)
2026-05-02 18:10:38.100 INFO (MainThread) [music_assistant.airplay.bridge_manager] Sendspin bridge created for CCE-LP08-MAC
2026-05-02 18:10:38.103 INFO (MainThread) [music_assistant.players] Player (type protocol) registered: ap7e95fda569eb/CCE-LP08-MAC
2026-05-02 18:10:38.109 INFO (MainThread) [music_assistant.players] Player (type protocol) registered: spb_7e95fda569eb/CCE-LP08-MAC (AirPlay)
2026-05-02 18:10:41.334 INFO (MainThread) [music_assistant.players] Player unavailable: CCE-LP08-MAC (AirPlay)
2026-05-02 18:10:41.335 INFO (MainThread) [music_assistant.players] Player unavailable: CCE-LP08-MAC
2026-05-02 18:26:05.135 INFO (MainThread) [music_assistant.AirPlay.bridge.ap7e95fda569eb] Sendspin bridge registered for CCE-LP08-MAC (client_id=spb_7e95fda569eb)
2026-05-02 18:26:05.135 INFO (MainThread) [music_assistant.airplay.bridge_manager] Sendspin bridge created for CCE-LP08-MAC
2026-05-02 18:26:05.139 INFO (MainThread) [music_assistant.players] Player (type protocol) registered: ap7e95fda569eb/CCE-LP08-MAC
2026-05-02 18:26:05.153 INFO (MainThread) [music_assistant.players] Player (type protocol) registered: spb_7e95fda569eb/CCE-LP08-MAC (AirPlay)
2026-05-02 18:26:08.328 INFO (MainThread) [music_assistant.players] Player unavailable: CCE-LP08-MAC (AirPlay)
2026-05-02 18:26:08.329 INFO (MainThread) [music_assistant.players] Player unavailable: CCE-LP08-MAC
2026-05-02 18:42:54.084 INFO (MainThread) [music_assistant.AirPlay.bridge.ap7e95fda569eb] Sendspin bridge registered for CCE-LP08-MAC (client_id=spb_7e95fda569eb)
2026-05-02 18:42:54.085 INFO (MainThread) [music_assistant.airplay.bridge_manager] Sendspin bridge created for CCE-LP08-MAC
2026-05-02 18:42:54.090 INFO (MainThread) [music_assistant.players] Player (type protocol) registered: ap7e95fda569eb/CCE-LP08-MAC
2026-05-02 18:42:54.105 INFO (MainThread) [music_assistant.players] Player (type protocol) registered: spb_7e95fda569eb/CCE-LP08-MAC (AirPlay)
2026-05-02 18:42:57.314 INFO (MainThread) [music_assistant.players] Player unavailable: CCE-LP08-MAC (AirPlay)
2026-05-02 18:42:57.314 INFO (MainThread) [music_assistant.players] Player unavailable: CCE-LP08-MAC
2026-05-02 18:53:44.038 INFO (MainThread) [music_assistant.AirPlay.bridge.ap7e95fda569eb] Sendspin bridge registered for CCE-LP08-MAC (client_id=spb_7e95fda569eb)
2026-05-02 18:53:44.039 INFO (MainThread) [music_assistant.airplay.bridge_manager] Sendspin bridge created for CCE-LP08-MAC
2026-05-02 18:53:44.043 INFO (MainThread) [music_assistant.players] Player (type protocol) registered: ap7e95fda569eb/CCE-LP08-MAC
2026-05-02 18:53:44.056 INFO (MainThread) [music_assistant.players] Player (type protocol) registered: spb_7e95fda569eb/CCE-LP08-MAC (AirPlay)
2026-05-02 18:54:27.496 INFO (MainThread) [music_assistant.players] Player unavailable: CCE-LP08-MAC (AirPlay)
2026-05-02 18:54:27.497 INFO (MainThread) [music_assistant.players] Player unavailable: CCE-LP08-MAC
2026-05-02 18:57:00.958 INFO (MainThread) [music_assistant.music.genre] Genre mapping scan completed: 0 items mapped (0.1s)
2026-05-02 18:59:18.197 INFO (MainThread) [music_assistant.music.genre] Genre mapping scan completed: 0 items mapped (0.1s)
2026-05-02 19:00:13.090 INFO (MainThread) [music_assistant.music.genre] Genre mapping scan completed: 0 items mapped (0.1s)
2026-05-02 19:11:48.098 INFO (MainThread) [music_assistant.AirPlay.bridge.ap7e95fda569eb] Sendspin bridge registered for CCE-LP08-MAC (client_id=spb_7e95fda569eb)
2026-05-02 19:11:48.098 INFO (MainThread) [music_assistant.airplay.bridge_manager] Sendspin bridge created for CCE-LP08-MAC
2026-05-02 19:11:48.102 INFO (MainThread) [music_assistant.players] Player (type protocol) registered: ap7e95fda569eb/CCE-LP08-MAC
2026-05-02 19:11:48.119 INFO (MainThread) [music_assistant.players] Player (type protocol) registered: spb_7e95fda569eb/CCE-LP08-MAC (AirPlay)
2026-05-02 19:11:51.312 INFO (MainThread) [music_assistant.players] Player unavailable: CCE-LP08-MAC (AirPlay)
2026-05-02 19:11:51.314 INFO (MainThread) [music_assistant.players] Player unavailable: CCE-LP08-MAC
2026-05-02 19:28:01.172 INFO (MainThread) [music_assistant.AirPlay.bridge.ap7e95fda569eb] Sendspin bridge registered for CCE-LP08-MAC (client_id=spb_7e95fda569eb)
2026-05-02 19:28:01.172 INFO (MainThread) [music_assistant.airplay.bridge_manager] Sendspin bridge created for CCE-LP08-MAC
2026-05-02 19:28:01.174 INFO (MainThread) [music_assistant.players] Player (type protocol) registered: ap7e95fda569eb/CCE-LP08-MAC
2026-05-02 19:28:01.179 INFO (MainThread) [music_assistant.players] Player (type protocol) registered: spb_7e95fda569eb/CCE-LP08-MAC (AirPlay)
2026-05-02 19:28:04.307 INFO (MainThread) [music_assistant.players] Player unavailable: CCE-LP08-MAC (AirPlay)
2026-05-02 19:28:04.308 INFO (MainThread) [music_assistant.players] Player unavailable: CCE-LP08-MAC
2026-05-02 19:43:23.036 INFO (MainThread) [music_assistant.AirPlay.bridge.ap7e95fda569eb] Sendspin bridge registered for CCE-LP08-MAC (client_id=spb_7e95fda569eb)
2026-05-02 19:43:23.036 INFO (MainThread) [music_assistant.airplay.bridge_manager] Sendspin bridge created for CCE-LP08-MAC
2026-05-02 19:43:23.038 INFO (MainThread) [music_assistant.players] Player (type protocol) registered: ap7e95fda569eb/CCE-LP08-MAC
2026-05-02 19:43:23.044 INFO (MainThread) [music_assistant.players] Player (type protocol) registered: spb_7e95fda569eb/CCE-LP08-MAC (AirPlay)
2026-05-02 19:43:26.297 INFO (MainThread) [music_assistant.players] Player unavailable: CCE-LP08-MAC (AirPlay)
2026-05-02 19:43:26.298 INFO (MainThread) [music_assistant.players] Player unavailable: CCE-LP08-MAC
2026-05-02 19:54:44.256 INFO (MainThread) [music_assistant.AirPlay.bridge.ap7e95fda569eb] Sendspin bridge registered for CCE-LP08-MAC (client_id=spb_7e95fda569eb)
2026-05-02 19:54:44.256 INFO (MainThread) [music_assistant.airplay.bridge_manager] Sendspin bridge created for CCE-LP08-MAC
2026-05-02 19:54:44.261 INFO (MainThread) [music_assistant.players] Player (type protocol) registered: ap7e95fda569eb/CCE-LP08-MAC
2026-05-02 19:54:44.275 INFO (MainThread) [music_assistant.players] Player (type protocol) registered: spb_7e95fda569eb/CCE-LP08-MAC (AirPlay)
2026-05-02 19:55:27.470 INFO (MainThread) [music_assistant.players] Player unavailable: CCE-LP08-MAC (AirPlay)
2026-05-02 19:55:27.471 INFO (MainThread) [music_assistant.players] Player unavailable: CCE-LP08-MAC
2026-05-02 20:10:43.026 INFO (MainThread) [music_assistant.AirPlay.bridge.ap7e95fda569eb] Sendspin bridge registered for CCE-LP08-MAC (client_id=spb_7e95fda569eb)
2026-05-02 20:10:43.026 INFO (MainThread) [music_assistant.airplay.bridge_manager] Sendspin bridge created for CCE-LP08-MAC
2026-05-02 20:10:43.028 INFO (MainThread) [music_assistant.players] Player (type protocol) registered: ap7e95fda569eb/CCE-LP08-MAC
2026-05-02 20:10:43.034 INFO (MainThread) [music_assistant.players] Player (type protocol) registered: spb_7e95fda569eb/CCE-LP08-MAC (AirPlay)
2026-05-02 20:10:46.294 INFO (MainThread) [music_assistant.players] Player unavailable: CCE-LP08-MAC (AirPlay)
2026-05-02 20:10:46.296 INFO (MainThread) [music_assistant.players] Player unavailable: CCE-LP08-MAC
2026-05-02 20:28:19.151 INFO (MainThread) [music_assistant.AirPlay.bridge.ap7e95fda569eb] Sendspin bridge registered for CCE-LP08-MAC (client_id=spb_7e95fda569eb)
2026-05-02 20:28:19.152 INFO (MainThread) [music_assistant.airplay.bridge_manager] Sendspin bridge created for CCE-LP08-MAC
2026-05-02 20:28:19.156 INFO (MainThread) [music_assistant.players] Player (type protocol) registered: ap7e95fda569eb/CCE-LP08-MAC
2026-05-02 20:28:19.172 INFO (MainThread) [music_assistant.players] Player (type protocol) registered: spb_7e95fda569eb/CCE-LP08-MAC (AirPlay)
2026-05-02 20:28:22.299 INFO (MainThread) [music_assistant.players] Player unavailable: CCE-LP08-MAC (AirPlay)
2026-05-02 20:28:22.300 INFO (MainThread) [music_assistant.players] Player unavailable: CCE-LP08-MAC
2026-05-02 20:45:38.142 INFO (MainThread) [music_assistant.AirPlay.bridge.ap7e95fda569eb] Sendspin bridge registered for CCE-LP08-MAC (client_id=spb_7e95fda569eb)
2026-05-02 20:45:38.142 INFO (MainThread) [music_assistant.airplay.bridge_manager] Sendspin bridge created for CCE-LP08-MAC
2026-05-02 20:45:38.144 INFO (MainThread) [music_assistant.players] Player (type protocol) registered: ap7e95fda569eb/CCE-LP08-MAC
2026-05-02 20:45:38.151 INFO (MainThread) [music_assistant.players] Player (type protocol) registered: spb_7e95fda569eb/CCE-LP08-MAC (AirPlay)
2026-05-02 20:45:41.277 INFO (MainThread) [music_assistant.players] Player unavailable: CCE-LP08-MAC (AirPlay)
2026-05-02 20:45:41.278 INFO (MainThread) [music_assistant.players] Player unavailable: CCE-LP08-MAC
2026-05-02 20:55:44.206 INFO (MainThread) [music_assistant.AirPlay.bridge.ap7e95fda569eb] Sendspin bridge registered for CCE-LP08-MAC (client_id=spb_7e95fda569eb)
2026-05-02 20:55:44.206 INFO (MainThread) [music_assistant.airplay.bridge_manager] Sendspin bridge created for CCE-LP08-MAC
2026-05-02 20:55:44.209 INFO (MainThread) [music_assistant.players] Player (type protocol) registered: ap7e95fda569eb/CCE-LP08-MAC
2026-05-02 20:55:44.220 INFO (MainThread) [music_assistant.players] Player (type protocol) registered: spb_7e95fda569eb/CCE-LP08-MAC (AirPlay)
2026-05-02 20:56:27.432 INFO (MainThread) [music_assistant.players] Player unavailable: CCE-LP08-MAC (AirPlay)
2026-05-02 20:56:27.434 INFO (MainThread) [music_assistant.players] Player unavailable: CCE-LP08-MAC
2026-05-02 21:02:19.160 INFO (MainThread) [music_assistant.music.genre] Genre mapping scan completed: 0 items mapped (0.1s)
2026-05-02 21:12:13.202 INFO (MainThread) [music_assistant.AirPlay.bridge.ap7e95fda569eb] Sendspin bridge registered for CCE-LP08-MAC (client_id=spb_7e95fda569eb)
2026-05-02 21:12:13.202 INFO (MainThread) [music_assistant.airplay.bridge_manager] Sendspin bridge created for CCE-LP08-MAC
2026-05-02 21:12:13.204 INFO (MainThread) [music_assistant.players] Player (type protocol) registered: ap7e95fda569eb/CCE-LP08-MAC
2026-05-02 21:12:13.209 INFO (MainThread) [music_assistant.players] Player (type protocol) registered: spb_7e95fda569eb/CCE-LP08-MAC (AirPlay)
2026-05-02 21:12:16.270 INFO (MainThread) [music_assistant.players] Player unavailable: CCE-LP08-MAC (AirPlay)
2026-05-02 21:12:16.272 INFO (MainThread) [music_assistant.players] Player unavailable: CCE-LP08-MAC
2026-05-02 21:29:52.095 INFO (MainThread) [music_assistant.AirPlay.bridge.ap7e95fda569eb] Sendspin bridge registered for CCE-LP08-MAC (client_id=spb_7e95fda569eb)
2026-05-02 21:29:52.095 INFO (MainThread) [music_assistant.airplay.bridge_manager] Sendspin bridge created for CCE-LP08-MAC
2026-05-02 21:29:52.099 INFO (MainThread) [music_assistant.players] Player (type protocol) registered: ap7e95fda569eb/CCE-LP08-MAC
2026-05-02 21:29:52.112 INFO (MainThread) [music_assistant.players] Player (type protocol) registered: spb_7e95fda569eb/CCE-LP08-MAC (AirPlay)
2026-05-02 21:29:55.270 INFO (MainThread) [music_assistant.players] Player unavailable: CCE-LP08-MAC (AirPlay)
2026-05-02 21:29:55.271 INFO (MainThread) [music_assistant.players] Player unavailable: CCE-LP08-MAC
2026-05-02 21:47:03.029 INFO (MainThread) [music_assistant.AirPlay.bridge.ap7e95fda569eb] Sendspin bridge registered for CCE-LP08-MAC (client_id=spb_7e95fda569eb)
2026-05-02 21:47:03.029 INFO (MainThread) [music_assistant.airplay.bridge_manager] Sendspin bridge created for CCE-LP08-MAC
2026-05-02 21:47:03.033 INFO (MainThread) [music_assistant.players] Player (type protocol) registered: ap7e95fda569eb/CCE-LP08-MAC
2026-05-02 21:47:03.048 INFO (MainThread) [music_assistant.players] Player (type protocol) registered: spb_7e95fda569eb/CCE-LP08-MAC (AirPlay)
2026-05-02 21:47:06.254 INFO (MainThread) [music_assistant.players] Player unavailable: CCE-LP08-MAC (AirPlay)
2026-05-02 21:47:06.255 INFO (MainThread) [music_assistant.players] Player unavailable: CCE-LP08-MAC
2026-05-02 21:56:44.091 INFO (MainThread) [music_assistant.AirPlay.bridge.ap7e95fda569eb] Sendspin bridge registered for CCE-LP08-MAC (client_id=spb_7e95fda569eb)
2026-05-02 21:56:44.091 INFO (MainThread) [music_assistant.airplay.bridge_manager] Sendspin bridge created for CCE-LP08-MAC
2026-05-02 21:56:44.096 INFO (MainThread) [music_assistant.players] Player (type protocol) registered: ap7e95fda569eb/CCE-LP08-MAC
2026-05-02 21:56:44.110 INFO (MainThread) [music_assistant.players] Player (type protocol) registered: spb_7e95fda569eb/CCE-LP08-MAC (AirPlay)
2026-05-02 21:57:27.405 INFO (MainThread) [music_assistant.players] Player unavailable: CCE-LP08-MAC (AirPlay)
2026-05-02 21:57:27.406 INFO (MainThread) [music_assistant.players] Player unavailable: CCE-LP08-MAC
2026-05-02 22:14:04.097 INFO (MainThread) [music_assistant.AirPlay.bridge.ap7e95fda569eb] Sendspin bridge registered for CCE-LP08-MAC (client_id=spb_7e95fda569eb)
2026-05-02 22:14:04.098 INFO (MainThread) [music_assistant.airplay.bridge_manager] Sendspin bridge created for CCE-LP08-MAC
2026-05-02 22:14:04.102 INFO (MainThread) [music_assistant.players] Player (type protocol) registered: ap7e95fda569eb/CCE-LP08-MAC
2026-05-02 22:14:04.119 INFO (MainThread) [music_assistant.players] Player (type protocol) registered: spb_7e95fda569eb/CCE-LP08-MAC (AirPlay)
2026-05-02 22:14:07.242 INFO (MainThread) [music_assistant.players] Player unavailable: CCE-LP08-MAC (AirPlay)
2026-05-02 22:14:07.242 INFO (MainThread) [music_assistant.players] Player unavailable: CCE-LP08-MAC
2026-05-02 22:29:57.959 INFO (MainThread) [music_assistant.AirPlay.bridge.ap7e95fda569eb] Sendspin bridge registered for CCE-LP08-MAC (client_id=spb_7e95fda569eb)
2026-05-02 22:29:57.959 INFO (MainThread) [music_assistant.airplay.bridge_manager] Sendspin bridge created for CCE-LP08-MAC
2026-05-02 22:29:57.961 INFO (MainThread) [music_assistant.players] Player (type protocol) registered: ap7e95fda569eb/CCE-LP08-MAC
2026-05-02 22:29:57.967 INFO (MainThread) [music_assistant.players] Player (type protocol) registered: spb_7e95fda569eb/CCE-LP08-MAC (AirPlay)
2026-05-02 22:30:01.240 INFO (MainThread) [music_assistant.players] Player unavailable: CCE-LP08-MAC (AirPlay)
2026-05-02 22:30:01.241 INFO (MainThread) [music_assistant.players] Player unavailable: CCE-LP08-MAC
2026-05-02 22:37:09.054 ERROR (Thread-17) [pychromecast.socket_client] [2021/22 Philips UHD Android TV(10.77.20.91):8009] Failed to connect to service HostServiceInfo(host='10.77.20.91', port=8009), retrying in 5.0s
2026-05-02 22:47:56.026 INFO (MainThread) [music_assistant.AirPlay.bridge.ap7e95fda569eb] Sendspin bridge registered for CCE-LP08-MAC (client_id=spb_7e95fda569eb)
2026-05-02 22:47:56.026 INFO (MainThread) [music_assistant.airplay.bridge_manager] Sendspin bridge created for CCE-LP08-MAC
2026-05-02 22:47:56.028 INFO (MainThread) [music_assistant.players] Player (type protocol) registered: ap7e95fda569eb/CCE-LP08-MAC
2026-05-02 22:47:56.034 INFO (MainThread) [music_assistant.players] Player (type protocol) registered: spb_7e95fda569eb/CCE-LP08-MAC (AirPlay)
2026-05-02 22:47:59.238 INFO (MainThread) [music_assistant.players] Player unavailable: CCE-LP08-MAC (AirPlay)
2026-05-02 22:47:59.239 INFO (MainThread) [music_assistant.players] Player unavailable: CCE-LP08-MAC
2026-05-02 22:57:44.027 INFO (MainThread) [music_assistant.AirPlay.bridge.ap7e95fda569eb] Sendspin bridge registered for CCE-LP08-MAC (client_id=spb_7e95fda569eb)
2026-05-02 22:57:44.027 INFO (MainThread) [music_assistant.airplay.bridge_manager] Sendspin bridge created for CCE-LP08-MAC
2026-05-02 22:57:44.033 INFO (MainThread) [music_assistant.players] Player (type protocol) registered: ap7e95fda569eb/CCE-LP08-MAC
2026-05-02 22:57:44.046 INFO (MainThread) [music_assistant.players] Player (type protocol) registered: spb_7e95fda569eb/CCE-LP08-MAC (AirPlay)
2026-05-02 22:58:27.404 INFO (MainThread) [music_assistant.players] Player unavailable: CCE-LP08-MAC (AirPlay)
2026-05-02 22:58:27.405 INFO (MainThread) [music_assistant.players] Player unavailable: CCE-LP08-MAC
2026-05-02 23:16:03.010 INFO (MainThread) [music_assistant.AirPlay.bridge.ap7e95fda569eb] Sendspin bridge registered for CCE-LP08-MAC (client_id=spb_7e95fda569eb)
2026-05-02 23:16:03.010 INFO (MainThread) [music_assistant.airplay.bridge_manager] Sendspin bridge created for CCE-LP08-MAC
2026-05-02 23:16:03.017 INFO (MainThread) [music_assistant.players] Player (type protocol) registered: ap7e95fda569eb/CCE-LP08-MAC
2026-05-02 23:16:03.032 INFO (MainThread) [music_assistant.players] Player (type protocol) registered: spb_7e95fda569eb/CCE-LP08-MAC (AirPlay)
2026-05-02 23:16:06.222 INFO (MainThread) [music_assistant.players] Player unavailable: CCE-LP08-MAC (AirPlay)
2026-05-02 23:16:06.224 INFO (MainThread) [music_assistant.players] Player unavailable: CCE-LP08-MAC
2026-05-02 23:32:05.053 INFO (MainThread) [music_assistant.AirPlay.bridge.ap7e95fda569eb] Sendspin bridge registered for CCE-LP08-MAC (client_id=spb_7e95fda569eb)
2026-05-02 23:32:05.053 INFO (MainThread) [music_assistant.airplay.bridge_manager] Sendspin bridge created for CCE-LP08-MAC
2026-05-02 23:32:05.056 INFO (MainThread) [music_assistant.players] Player (type protocol) registered: ap7e95fda569eb/CCE-LP08-MAC
2026-05-02 23:32:05.062 INFO (MainThread) [music_assistant.players] Player (type protocol) registered: spb_7e95fda569eb/CCE-LP08-MAC (AirPlay)
2026-05-02 23:32:08.217 INFO (MainThread) [music_assistant.players] Player unavailable: CCE-LP08-MAC (AirPlay)
2026-05-02 23:32:08.218 INFO (MainThread) [music_assistant.players] Player unavailable: CCE-LP08-MAC
2026-05-02 23:49:47.005 INFO (MainThread) [music_assistant.AirPlay.bridge.ap7e95fda569eb] Sendspin bridge registered for CCE-LP08-MAC (client_id=spb_7e95fda569eb)
2026-05-02 23:49:47.005 INFO (MainThread) [music_assistant.airplay.bridge_manager] Sendspin bridge created for CCE-LP08-MAC
2026-05-02 23:49:47.012 INFO (MainThread) [music_assistant.players] Player (type protocol) registered: ap7e95fda569eb/CCE-LP08-MAC
2026-05-02 23:49:47.025 INFO (MainThread) [music_assistant.players] Player (type protocol) registered: spb_7e95fda569eb/CCE-LP08-MAC (AirPlay)
2026-05-02 23:49:50.214 INFO (MainThread) [music_assistant.players] Player unavailable: CCE-LP08-MAC (AirPlay)
2026-05-02 23:49:50.215 INFO (MainThread) [music_assistant.players] Player unavailable: CCE-LP08-MAC
2026-05-03 00:02:19.149 INFO (MainThread) [music_assistant.music.genre] Genre mapping scan completed: 0 items mapped (0.1s)
2026-05-03 00:07:45.003 INFO (MainThread) [music_assistant.AirPlay.bridge.ap7e95fda569eb] Sendspin bridge registered for CCE-LP08-MAC (client_id=spb_7e95fda569eb)
2026-05-03 00:07:45.003 INFO (MainThread) [music_assistant.airplay.bridge_manager] Sendspin bridge created for CCE-LP08-MAC
2026-05-03 00:07:45.006 INFO (MainThread) [music_assistant.players] Player (type protocol) registered: ap7e95fda569eb/CCE-LP08-MAC
2026-05-03 00:07:45.019 INFO (MainThread) [music_assistant.players] Player (type protocol) registered: spb_7e95fda569eb/CCE-LP08-MAC (AirPlay)
2026-05-03 00:07:48.208 INFO (MainThread) [music_assistant.players] Player unavailable: CCE-LP08-MAC (AirPlay)
2026-05-03 00:07:48.209 INFO (MainThread) [music_assistant.players] Player unavailable: CCE-LP08-MAC
2026-05-03 00:14:00.252 ERROR (Thread-16) [pychromecast.socket_client] [Hobbykamer en gym(10.77.20.130):32195] Error reading from socket: socket connection broken
2026-05-03 00:14:00.263 ERROR (Thread-16) [pychromecast.socket_client] [Hobbykamer en gym(10.77.20.130):32195] Failed to connect to service HostServiceInfo(host='10.77.20.130', port=32195), retrying in 5.0s
2026-05-03 00:14:39.009 ERROR (Thread-9) [pychromecast.socket_client] [Badkamer V2(10.77.20.130):8009] Failed to connect to service HostServiceInfo(host='10.77.20.130', port=8009), retrying in 5.0s
2026-05-03 00:16:15.328 ERROR (Thread-15) [pychromecast.socket_client] [Nest Yatan(10.77.20.51):8009] Error reading from socket: socket connection broken
2026-05-03 00:22:47.929 INFO (MainThread) [music_assistant.AirPlay.bridge.ap7e95fda569eb] Sendspin bridge registered for CCE-LP08-MAC (client_id=spb_7e95fda569eb)
2026-05-03 00:22:47.930 INFO (MainThread) [music_assistant.airplay.bridge_manager] Sendspin bridge created for CCE-LP08-MAC
2026-05-03 00:22:47.932 INFO (MainThread) [music_assistant.players] Player (type protocol) registered: ap7e95fda569eb/CCE-LP08-MAC
2026-05-03 00:22:47.938 INFO (MainThread) [music_assistant.players] Player (type protocol) registered: spb_7e95fda569eb/CCE-LP08-MAC (AirPlay)
2026-05-03 00:22:51.201 INFO (MainThread) [music_assistant.players] Player unavailable: CCE-LP08-MAC (AirPlay)
2026-05-03 00:22:51.202 INFO (MainThread) [music_assistant.players] Player unavailable: CCE-LP08-MAC
2026-05-03 00:25:59.971 INFO (MainThread) [music_assistant.AirPlay.bridge.ap7e95fda569eb] Sendspin bridge registered for CCE-LP08-MAC (client_id=spb_7e95fda569eb)
2026-05-03 00:25:59.971 INFO (MainThread) [music_assistant.airplay.bridge_manager] Sendspin bridge created for CCE-LP08-MAC
2026-05-03 00:25:59.973 INFO (MainThread) [music_assistant.players] Player (type protocol) registered: ap7e95fda569eb/CCE-LP08-MAC
2026-05-03 00:25:59.979 INFO (MainThread) [music_assistant.players] Player (type protocol) registered: spb_7e95fda569eb/CCE-LP08-MAC (AirPlay)
2026-05-03 00:26:43.388 INFO (MainThread) [music_assistant.players] Player unavailable: CCE-LP08-MAC (AirPlay)
2026-05-03 00:26:43.389 INFO (MainThread) [music_assistant.players] Player unavailable: CCE-LP08-MAC
2026-05-03 00:42:12.070 INFO (MainThread) [music_assistant.AirPlay.bridge.ap7e95fda569eb] Sendspin bridge registered for CCE-LP08-MAC (client_id=spb_7e95fda569eb)
2026-05-03 00:42:12.070 INFO (MainThread) [music_assistant.airplay.bridge_manager] Sendspin bridge created for CCE-LP08-MAC
2026-05-03 00:42:12.075 INFO (MainThread) [music_assistant.players] Player (type protocol) registered: ap7e95fda569eb/CCE-LP08-MAC
2026-05-03 00:42:12.091 INFO (MainThread) [music_assistant.players] Player (type protocol) registered: spb_7e95fda569eb/CCE-LP08-MAC (AirPlay)
2026-05-03 00:42:15.195 INFO (MainThread) [music_assistant.players] Player unavailable: CCE-LP08-MAC (AirPlay)
2026-05-03 00:42:15.196 INFO (MainThread) [music_assistant.players] Player unavailable: CCE-LP08-MAC
2026-05-03 00:57:54.003 INFO (MainThread) [music_assistant.AirPlay.bridge.ap7e95fda569eb] Sendspin bridge registered for CCE-LP08-MAC (client_id=spb_7e95fda569eb)
2026-05-03 00:57:54.004 INFO (MainThread) [music_assistant.airplay.bridge_manager] Sendspin bridge created for CCE-LP08-MAC
2026-05-03 00:57:54.008 INFO (MainThread) [music_assistant.players] Player (type protocol) registered: ap7e95fda569eb/CCE-LP08-MAC
2026-05-03 00:57:54.026 INFO (MainThread) [music_assistant.players] Player (type protocol) registered: spb_7e95fda569eb/CCE-LP08-MAC (AirPlay)
2026-05-03 00:57:57.176 INFO (MainThread) [music_assistant.players] Player unavailable: CCE-LP08-MAC (AirPlay)
2026-05-03 00:57:57.177 INFO (MainThread) [music_assistant.players] Player unavailable: CCE-LP08-MAC
2026-05-03 01:00:57.607 ERROR (Thread-11) [pychromecast.socket_client] [Yatan(10.77.20.13):8009] Error reading from socket: socket connection broken
2026-05-03 01:00:57.614 ERROR (Thread-11) [pychromecast.socket_client] [Yatan(10.77.20.13):8009] Failed to connect to service HostServiceInfo(host='10.77.20.13', port=8009), retrying in 5.0s
2026-05-03 01:03:22.735 ERROR (Thread-13) [pychromecast.socket_client] [Slaapkamer Gesena(10.77.20.237):8009] Error reading from socket: socket connection broken
2026-05-03 01:03:22.747 ERROR (Thread-13) [pychromecast.socket_client] [Slaapkamer Gesena(10.77.20.237):8009] Failed to connect to service HostServiceInfo(host='10.77.20.237', port=8009), retrying in 5.0s
2026-05-03 01:13:59.235 INFO (MainThread) [music_assistant.AirPlay.bridge.ap7e95fda569eb] Sendspin bridge registered for CCE-LP08-MAC (client_id=spb_7e95fda569eb)
2026-05-03 01:13:59.236 INFO (MainThread) [music_assistant.airplay.bridge_manager] Sendspin bridge created for CCE-LP08-MAC
2026-05-03 01:13:59.241 INFO (MainThread) [music_assistant.players] Player (type protocol) registered: ap7e95fda569eb/CCE-LP08-MAC
2026-05-03 01:13:59.254 INFO (MainThread) [music_assistant.players] Player (type protocol) registered: spb_7e95fda569eb/CCE-LP08-MAC (AirPlay)
2026-05-03 01:14:42.534 INFO (MainThread) [music_assistant.players] Player unavailable: CCE-LP08-MAC (AirPlay)
2026-05-03 01:14:42.535 INFO (MainThread) [music_assistant.players] Player unavailable: CCE-LP08-MAC
2026-05-03 01:19:55.131 INFO (MainThread) [music_assistant.AirPlay.bridge.ap7e95fda569eb] Sendspin bridge registered for CCE-LP08-MAC (client_id=spb_7e95fda569eb)
2026-05-03 01:19:55.131 INFO (MainThread) [music_assistant.airplay.bridge_manager] Sendspin bridge created for CCE-LP08-MAC
2026-05-03 01:19:55.133 INFO (MainThread) [music_assistant.players] Player (type protocol) registered: ap7e95fda569eb/CCE-LP08-MAC
2026-05-03 01:19:55.140 INFO (MainThread) [music_assistant.players] Player (type protocol) registered: spb_7e95fda569eb/CCE-LP08-MAC (AirPlay)
2026-05-03 01:20:38.601 INFO (MainThread) [music_assistant.players] Player unavailable: CCE-LP08-MAC (AirPlay)
2026-05-03 01:20:38.602 INFO (MainThread) [music_assistant.players] Player unavailable: CCE-LP08-MAC
2026-05-03 01:35:41.925 INFO (MainThread) [music_assistant.AirPlay.bridge.ap7e95fda569eb] Sendspin bridge registered for CCE-LP08-MAC (client_id=spb_7e95fda569eb)
2026-05-03 01:35:41.925 INFO (MainThread) [music_assistant.airplay.bridge_manager] Sendspin bridge created for CCE-LP08-MAC
2026-05-03 01:35:41.931 INFO (MainThread) [music_assistant.players] Player (type protocol) registered: ap7e95fda569eb/CCE-LP08-MAC
2026-05-03 01:35:41.943 INFO (MainThread) [music_assistant.players] Player (type protocol) registered: spb_7e95fda569eb/CCE-LP08-MAC (AirPlay)
2026-05-03 01:35:45.169 INFO (MainThread) [music_assistant.players] Player unavailable: CCE-LP08-MAC (AirPlay)
2026-05-03 01:35:45.170 INFO (MainThread) [music_assistant.players] Player unavailable: CCE-LP08-MAC
2026-05-03 01:38:55.048 ERROR (Thread-8) [pychromecast.socket_client] [Keuken Nest Hub(10.77.20.58):8009] Error reading from socket: socket connection broken
2026-05-03 01:38:55.062 ERROR (Thread-8) [pychromecast.socket_client] [Keuken Nest Hub(10.77.20.58):8009] Failed to connect to service HostServiceInfo(host='10.77.20.58', port=8009), retrying in 5.0s
2026-05-03 01:51:30.945 INFO (MainThread) [music_assistant.AirPlay.bridge.ap7e95fda569eb] Sendspin bridge registered for CCE-LP08-MAC (client_id=spb_7e95fda569eb)
2026-05-03 01:51:30.945 INFO (MainThread) [music_assistant.airplay.bridge_manager] Sendspin bridge created for CCE-LP08-MAC
2026-05-03 01:51:30.951 INFO (MainThread) [music_assistant.players] Player (type protocol) registered: ap7e95fda569eb/CCE-LP08-MAC
2026-05-03 01:51:30.963 INFO (MainThread) [music_assistant.players] Player (type protocol) registered: spb_7e95fda569eb/CCE-LP08-MAC (AirPlay)
2026-05-03 01:51:34.172 INFO (MainThread) [music_assistant.players] Player unavailable: CCE-LP08-MAC (AirPlay)
2026-05-03 01:51:34.173 INFO (MainThread) [music_assistant.players] Player unavailable: CCE-LP08-MAC
2026-05-03 02:01:00.809 ERROR (Thread-12) [pychromecast.socket_client] [Hobbykamer(10.77.20.139):8009] Error reading from socket: socket connection broken
2026-05-03 02:01:00.816 ERROR (Thread-12) [pychromecast.socket_client] [Hobbykamer(10.77.20.139):8009] Failed to connect to service HostServiceInfo(host='10.77.20.139', port=8009), retrying in 5.0s
2026-05-03 02:08:02.039 INFO (MainThread) [music_assistant.AirPlay.bridge.ap7e95fda569eb] Sendspin bridge registered for CCE-LP08-MAC (client_id=spb_7e95fda569eb)
2026-05-03 02:08:02.039 INFO (MainThread) [music_assistant.airplay.bridge_manager] Sendspin bridge created for CCE-LP08-MAC
2026-05-03 02:08:02.044 INFO (MainThread) [music_assistant.players] Player (type protocol) registered: ap7e95fda569eb/CCE-LP08-MAC
2026-05-03 02:08:02.058 INFO (MainThread) [music_assistant.players] Player (type protocol) registered: spb_7e95fda569eb/CCE-LP08-MAC (AirPlay)
2026-05-03 02:08:05.160 INFO (MainThread) [music_assistant.players] Player unavailable: CCE-LP08-MAC (AirPlay)
2026-05-03 02:08:05.162 INFO (MainThread) [music_assistant.players] Player unavailable: CCE-LP08-MAC
2026-05-03 02:26:02.929 INFO (MainThread) [music_assistant.AirPlay.bridge.ap7e95fda569eb] Sendspin bridge registered for CCE-LP08-MAC (client_id=spb_7e95fda569eb)
2026-05-03 02:26:02.929 INFO (MainThread) [music_assistant.airplay.bridge_manager] Sendspin bridge created for CCE-LP08-MAC
2026-05-03 02:26:02.931 INFO (MainThread) [music_assistant.players] Player (type protocol) registered: ap7e95fda569eb/CCE-LP08-MAC
2026-05-03 02:26:02.937 INFO (MainThread) [music_assistant.players] Player (type protocol) registered: spb_7e95fda569eb/CCE-LP08-MAC (AirPlay)
2026-05-03 02:26:03.524 ERROR (Thread-14) [pychromecast.socket_client] [Badkamer Nest Hub(10.77.20.138):8009] Error reading from socket: socket connection broken
2026-05-03 02:26:03.533 ERROR (Thread-14) [pychromecast.socket_client] [Badkamer Nest Hub(10.77.20.138):8009] Failed to connect to service HostServiceInfo(host='10.77.20.138', port=8009), retrying in 5.0s
2026-05-03 02:26:06.157 INFO (MainThread) [music_assistant.players] Player unavailable: CCE-LP08-MAC (AirPlay)
2026-05-03 02:26:06.159 INFO (MainThread) [music_assistant.players] Player unavailable: CCE-LP08-MAC
2026-05-03 02:41:14.949 INFO (MainThread) [music_assistant.AirPlay.bridge.ap7e95fda569eb] Sendspin bridge registered for CCE-LP08-MAC (client_id=spb_7e95fda569eb)
2026-05-03 02:41:14.949 INFO (MainThread) [music_assistant.airplay.bridge_manager] Sendspin bridge created for CCE-LP08-MAC
2026-05-03 02:41:14.953 INFO (MainThread) [music_assistant.players] Player (type protocol) registered: ap7e95fda569eb/CCE-LP08-MAC
2026-05-03 02:41:14.965 INFO (MainThread) [music_assistant.players] Player (type protocol) registered: spb_7e95fda569eb/CCE-LP08-MAC (AirPlay)
2026-05-03 02:41:18.146 INFO (MainThread) [music_assistant.players] Player unavailable: CCE-LP08-MAC (AirPlay)
2026-05-03 02:41:18.147 INFO (MainThread) [music_assistant.players] Player unavailable: CCE-LP08-MAC
2026-05-03 02:52:22.925 INFO (MainThread) [music_assistant.AirPlay.bridge.ap7e95fda569eb] Sendspin bridge registered for CCE-LP08-MAC (client_id=spb_7e95fda569eb)
2026-05-03 02:52:22.925 INFO (MainThread) [music_assistant.airplay.bridge_manager] Sendspin bridge created for CCE-LP08-MAC
2026-05-03 02:52:22.930 INFO (MainThread) [music_assistant.players] Player (type protocol) registered: ap7e95fda569eb/CCE-LP08-MAC
2026-05-03 02:52:22.946 INFO (MainThread) [music_assistant.players] Player (type protocol) registered: spb_7e95fda569eb/CCE-LP08-MAC (AirPlay)
2026-05-03 02:53:06.343 INFO (MainThread) [music_assistant.players] Player unavailable: CCE-LP08-MAC (AirPlay)
2026-05-03 02:53:06.344 INFO (MainThread) [music_assistant.players] Player unavailable: CCE-LP08-MAC
2026-05-03 02:53:10.643 INFO (MainThread) [music_assistant.AirPlay.bridge.ap7e95fda569eb] Sendspin bridge registered for CCE-LP08-MAC (client_id=spb_7e95fda569eb)
2026-05-03 02:53:10.643 INFO (MainThread) [music_assistant.airplay.bridge_manager] Sendspin bridge created for CCE-LP08-MAC
2026-05-03 02:53:10.648 INFO (MainThread) [music_assistant.players] Player (type protocol) registered: ap7e95fda569eb/CCE-LP08-MAC
2026-05-03 02:53:10.659 INFO (MainThread) [music_assistant.players] Player (type protocol) registered: spb_7e95fda569eb/CCE-LP08-MAC (AirPlay)
2026-05-03 02:53:53.927 INFO (MainThread) [music_assistant.players] Player unavailable: CCE-LP08-MAC (AirPlay)
2026-05-03 02:53:53.927 INFO (MainThread) [music_assistant.players] Player unavailable: CCE-LP08-MAC
2026-05-03 02:58:44.000 ERROR (Thread-10) [pychromecast.socket_client] [Bureau speaker(10.77.20.207):8009] Failed to connect to service HostServiceInfo(host='10.77.20.207', port=8009), retrying in 5.0s
2026-05-03 03:02:19.170 INFO (MainThread) [music_assistant.music.genre] Genre mapping scan completed: 0 items mapped (0.1s)
2026-05-03 03:09:37.923 INFO (MainThread) [music_assistant.AirPlay.bridge.ap7e95fda569eb] Sendspin bridge registered for CCE-LP08-MAC (client_id=spb_7e95fda569eb)
2026-05-03 03:09:37.923 INFO (MainThread) [music_assistant.airplay.bridge_manager] Sendspin bridge created for CCE-LP08-MAC
2026-05-03 03:09:37.925 INFO (MainThread) [music_assistant.players] Player (type protocol) registered: ap7e95fda569eb/CCE-LP08-MAC
2026-05-03 03:09:37.932 INFO (MainThread) [music_assistant.players] Player (type protocol) registered: spb_7e95fda569eb/CCE-LP08-MAC (AirPlay)
2026-05-03 03:09:41.135 INFO (MainThread) [music_assistant.players] Player unavailable: CCE-LP08-MAC (AirPlay)
2026-05-03 03:09:41.136 INFO (MainThread) [music_assistant.players] Player unavailable: CCE-LP08-MAC
2026-05-03 03:26:54.901 INFO (MainThread) [music_assistant.AirPlay.bridge.ap7e95fda569eb] Sendspin bridge registered for CCE-LP08-MAC (client_id=spb_7e95fda569eb)
2026-05-03 03:26:54.901 INFO (MainThread) [music_assistant.airplay.bridge_manager] Sendspin bridge created for CCE-LP08-MAC
2026-05-03 03:26:54.903 INFO (MainThread) [music_assistant.players] Player (type protocol) registered: ap7e95fda569eb/CCE-LP08-MAC
2026-05-03 03:26:54.910 INFO (MainThread) [music_assistant.players] Player (type protocol) registered: spb_7e95fda569eb/CCE-LP08-MAC (AirPlay)
2026-05-03 03:26:58.140 INFO (MainThread) [music_assistant.players] Player unavailable: CCE-LP08-MAC (AirPlay)
2026-05-03 03:26:58.142 INFO (MainThread) [music_assistant.players] Player unavailable: CCE-LP08-MAC
2026-05-03 03:43:45.890 INFO (MainThread) [music_assistant.AirPlay.bridge.ap7e95fda569eb] Sendspin bridge registered for CCE-LP08-MAC (client_id=spb_7e95fda569eb)
2026-05-03 03:43:45.890 INFO (MainThread) [music_assistant.airplay.bridge_manager] Sendspin bridge created for CCE-LP08-MAC
2026-05-03 03:43:45.895 INFO (MainThread) [music_assistant.players] Player (type protocol) registered: ap7e95fda569eb/CCE-LP08-MAC
2026-05-03 03:43:45.907 INFO (MainThread) [music_assistant.players] Player (type protocol) registered: spb_7e95fda569eb/CCE-LP08-MAC (AirPlay)
2026-05-03 03:43:49.128 INFO (MainThread) [music_assistant.players] Player unavailable: CCE-LP08-MAC (AirPlay)
2026-05-03 03:43:49.129 INFO (MainThread) [music_assistant.players] Player unavailable: CCE-LP08-MAC
2026-05-03 04:00:00.104 INFO (MainThread) [music_assistant.music.genre] Genre mapping scan completed: 0 items mapped (0.1s)
2026-05-03 04:00:06.024 INFO (MainThread) [music_assistant.AirPlay.bridge.ap7e95fda569eb] Sendspin bridge registered for CCE-LP08-MAC (client_id=spb_7e95fda569eb)
2026-05-03 04:00:06.025 INFO (MainThread) [music_assistant.airplay.bridge_manager] Sendspin bridge created for CCE-LP08-MAC
2026-05-03 04:00:06.029 INFO (MainThread) [music_assistant.players] Player (type protocol) registered: ap7e95fda569eb/CCE-LP08-MAC
2026-05-03 04:00:06.045 INFO (MainThread) [music_assistant.players] Player (type protocol) registered: spb_7e95fda569eb/CCE-LP08-MAC (AirPlay)
2026-05-03 04:00:09.124 INFO (MainThread) [music_assistant.players] Player unavailable: CCE-LP08-MAC (AirPlay)
2026-05-03 04:00:09.125 INFO (MainThread) [music_assistant.players] Player unavailable: CCE-LP08-MAC
2026-05-03 04:01:33.463 WARNING (MainThread) [music_assistant.metadata] Error while updating artist metadata for Sophie Barker: 525, message='<none>', url='https://musicbrainz-mirror.music-assistant.io/ws/2/recording?query=%22Passing+By%22+AND+artist:%22Sophie+Barker%22+AND+release:%22When+It+Falls%22&fmt=json'
2026-05-03 04:01:33.522 WARNING (MainThread) [music_assistant.metadata] Error while updating artist metadata for Archive: 525, message='<none>', url='https://musicbrainz-mirror.music-assistant.io/ws/2/url?resource=https://music.youtube.com/channel/UCX1nmhI_px297r0xp4cJBlg&inc=artist-rels&fmt=json'
2026-05-03 04:17:20.852 INFO (MainThread) [music_assistant.AirPlay.bridge.ap7e95fda569eb] Sendspin bridge registered for CCE-LP08-MAC (client_id=spb_7e95fda569eb)
2026-05-03 04:17:20.852 INFO (MainThread) [music_assistant.airplay.bridge_manager] Sendspin bridge created for CCE-LP08-MAC
2026-05-03 04:17:20.854 INFO (MainThread) [music_assistant.players] Player (type protocol) registered: ap7e95fda569eb/CCE-LP08-MAC
2026-05-03 04:17:20.861 INFO (MainThread) [music_assistant.players] Player (type protocol) registered: spb_7e95fda569eb/CCE-LP08-MAC (AirPlay)
2026-05-03 04:17:24.115 INFO (MainThread) [music_assistant.players] Player unavailable: CCE-LP08-MAC (AirPlay)
2026-05-03 04:17:24.116 INFO (MainThread) [music_assistant.players] Player unavailable: CCE-LP08-MAC
2026-05-03 04:33:13.011 INFO (MainThread) [music_assistant.AirPlay.bridge.ap7e95fda569eb] Sendspin bridge registered for CCE-LP08-MAC (client_id=spb_7e95fda569eb)
2026-05-03 04:33:13.011 INFO (MainThread) [music_assistant.airplay.bridge_manager] Sendspin bridge created for CCE-LP08-MAC
2026-05-03 04:33:13.015 INFO (MainThread) [music_assistant.players] Player (type protocol) registered: ap7e95fda569eb/CCE-LP08-MAC
2026-05-03 04:33:13.030 INFO (MainThread) [music_assistant.players] Player (type protocol) registered: spb_7e95fda569eb/CCE-LP08-MAC (AirPlay)
2026-05-03 04:33:16.101 INFO (MainThread) [music_assistant.players] Player unavailable: CCE-LP08-MAC (AirPlay)
2026-05-03 04:33:16.102 INFO (MainThread) [music_assistant.players] Player unavailable: CCE-LP08-MAC
2026-05-03 04:49:02.917 INFO (MainThread) [music_assistant.AirPlay.bridge.ap7e95fda569eb] Sendspin bridge registered for CCE-LP08-MAC (client_id=spb_7e95fda569eb)
2026-05-03 04:49:02.917 INFO (MainThread) [music_assistant.airplay.bridge_manager] Sendspin bridge created for CCE-LP08-MAC
2026-05-03 04:49:02.918 INFO (MainThread) [music_assistant.players] Player (type protocol) registered: ap7e95fda569eb/CCE-LP08-MAC
2026-05-03 04:49:02.925 INFO (MainThread) [music_assistant.players] Player (type protocol) registered: spb_7e95fda569eb/CCE-LP08-MAC (AirPlay)
2026-05-03 04:49:06.099 INFO (MainThread) [music_assistant.players] Player unavailable: CCE-LP08-MAC (AirPlay)
2026-05-03 04:49:06.100 INFO (MainThread) [music_assistant.players] Player unavailable: CCE-LP08-MAC
2026-05-03 04:53:22.891 INFO (MainThread) [music_assistant.AirPlay.bridge.ap7e95fda569eb] Sendspin bridge registered for CCE-LP08-MAC (client_id=spb_7e95fda569eb)
2026-05-03 04:53:22.891 INFO (MainThread) [music_assistant.airplay.bridge_manager] Sendspin bridge created for CCE-LP08-MAC
2026-05-03 04:53:22.893 INFO (MainThread) [music_assistant.players] Player (type protocol) registered: ap7e95fda569eb/CCE-LP08-MAC
2026-05-03 04:53:22.899 INFO (MainThread) [music_assistant.players] Player (type protocol) registered: spb_7e95fda569eb/CCE-LP08-MAC (AirPlay)
2026-05-03 04:54:06.282 INFO (MainThread) [music_assistant.players] Player unavailable: CCE-LP08-MAC (AirPlay)
2026-05-03 04:54:06.283 INFO (MainThread) [music_assistant.players] Player unavailable: CCE-LP08-MAC
2026-05-03 05:10:23.980 INFO (MainThread) [music_assistant.AirPlay.bridge.ap7e95fda569eb] Sendspin bridge registered for CCE-LP08-MAC (client_id=spb_7e95fda569eb)
2026-05-03 05:10:23.981 INFO (MainThread) [music_assistant.airplay.bridge_manager] Sendspin bridge created for CCE-LP08-MAC
2026-05-03 05:10:23.985 INFO (MainThread) [music_assistant.players] Player (type protocol) registered: ap7e95fda569eb/CCE-LP08-MAC
2026-05-03 05:10:24.001 INFO (MainThread) [music_assistant.players] Player (type protocol) registered: spb_7e95fda569eb/CCE-LP08-MAC (AirPlay)
2026-05-03 05:10:27.093 INFO (MainThread) [music_assistant.players] Player unavailable: CCE-LP08-MAC (AirPlay)
2026-05-03 05:10:27.094 INFO (MainThread) [music_assistant.players] Player unavailable: CCE-LP08-MAC
2026-05-03 05:26:37.490 ERROR (Thread-17) [pychromecast.socket_client] [2021/22 Philips UHD Android TV(10.77.20.91):8009] Failed to connect to service HostServiceInfo(host='10.77.20.91', port=8009), retrying in 5.0s
2026-05-03 05:27:14.969 INFO (MainThread) [music_assistant.AirPlay.bridge.ap7e95fda569eb] Sendspin bridge registered for CCE-LP08-MAC (client_id=spb_7e95fda569eb)
2026-05-03 05:27:14.969 INFO (MainThread) [music_assistant.airplay.bridge_manager] Sendspin bridge created for CCE-LP08-MAC
2026-05-03 05:27:14.973 INFO (MainThread) [music_assistant.players] Player (type protocol) registered: ap7e95fda569eb/CCE-LP08-MAC
2026-05-03 05:27:14.984 INFO (MainThread) [music_assistant.players] Player (type protocol) registered: spb_7e95fda569eb/CCE-LP08-MAC (AirPlay)
2026-05-03 05:27:18.092 INFO (MainThread) [music_assistant.players] Player unavailable: CCE-LP08-MAC (AirPlay)
2026-05-03 05:27:18.093 INFO (MainThread) [music_assistant.players] Player unavailable: CCE-LP08-MAC
2026-05-03 05:44:34.888 INFO (MainThread) [music_assistant.AirPlay.bridge.ap7e95fda569eb] Sendspin bridge registered for CCE-LP08-MAC (client_id=spb_7e95fda569eb)
2026-05-03 05:44:34.888 INFO (MainThread) [music_assistant.airplay.bridge_manager] Sendspin bridge created for CCE-LP08-MAC
2026-05-03 05:44:34.890 INFO (MainThread) [music_assistant.players] Player (type protocol) registered: ap7e95fda569eb/CCE-LP08-MAC
2026-05-03 05:44:34.896 INFO (MainThread) [music_assistant.players] Player (type protocol) registered: spb_7e95fda569eb/CCE-LP08-MAC (AirPlay)
2026-05-03 05:44:38.081 INFO (MainThread) [music_assistant.players] Player unavailable: CCE-LP08-MAC (AirPlay)
2026-05-03 05:44:38.082 INFO (MainThread) [music_assistant.players] Player unavailable: CCE-LP08-MAC
2026-05-03 05:54:22.790 INFO (MainThread) [music_assistant.AirPlay.bridge.ap7e95fda569eb] Sendspin bridge registered for CCE-LP08-MAC (client_id=spb_7e95fda569eb)
2026-05-03 05:54:22.790 INFO (MainThread) [music_assistant.airplay.bridge_manager] Sendspin bridge created for CCE-LP08-MAC
2026-05-03 05:54:22.793 INFO (MainThread) [music_assistant.players] Player (type protocol) registered: ap7e95fda569eb/CCE-LP08-MAC
2026-05-03 05:54:22.805 INFO (MainThread) [music_assistant.players] Player (type protocol) registered: spb_7e95fda569eb/CCE-LP08-MAC (AirPlay)
2026-05-03 05:55:06.227 INFO (MainThread) [music_assistant.players] Player unavailable: CCE-LP08-MAC (AirPlay)
2026-05-03 05:55:06.228 INFO (MainThread) [music_assistant.players] Player unavailable: CCE-LP08-MAC
2026-05-03 06:02:19.159 INFO (MainThread) [music_assistant.music.genre] Genre mapping scan completed: 3 items mapped (0.1s)
2026-05-03 06:11:54.030 INFO (MainThread) [music_assistant.AirPlay.bridge.ap7e95fda569eb] Sendspin bridge registered for CCE-LP08-MAC (client_id=spb_7e95fda569eb)
2026-05-03 06:11:54.031 INFO (MainThread) [music_assistant.airplay.bridge_manager] Sendspin bridge created for CCE-LP08-MAC
2026-05-03 06:11:54.036 INFO (MainThread) [music_assistant.players] Player (type protocol) registered: ap7e95fda569eb/CCE-LP08-MAC
2026-05-03 06:11:54.050 INFO (MainThread) [music_assistant.players] Player (type protocol) registered: spb_7e95fda569eb/CCE-LP08-MAC (AirPlay)
2026-05-03 06:11:57.069 INFO (MainThread) [music_assistant.players] Player unavailable: CCE-LP08-MAC (AirPlay)
2026-05-03 06:11:57.071 INFO (MainThread) [music_assistant.players] Player unavailable: CCE-LP08-MAC
2026-05-03 06:27:10.860 INFO (MainThread) [music_assistant.AirPlay.bridge.ap7e95fda569eb] Sendspin bridge registered for CCE-LP08-MAC (client_id=spb_7e95fda569eb)
2026-05-03 06:27:10.860 INFO (MainThread) [music_assistant.airplay.bridge_manager] Sendspin bridge created for CCE-LP08-MAC
2026-05-03 06:27:10.865 INFO (MainThread) [music_assistant.players] Player (type protocol) registered: ap7e95fda569eb/CCE-LP08-MAC
2026-05-03 06:27:10.881 INFO (MainThread) [music_assistant.players] Player (type protocol) registered: spb_7e95fda569eb/CCE-LP08-MAC (AirPlay)
2026-05-03 06:27:14.060 INFO (MainThread) [music_assistant.players] Player unavailable: CCE-LP08-MAC (AirPlay)
2026-05-03 06:27:14.061 INFO (MainThread) [music_assistant.players] Player unavailable: CCE-LP08-MAC
2026-05-03 06:42:47.828 INFO (MainThread) [music_assistant.AirPlay.bridge.ap7e95fda569eb] Sendspin bridge registered for CCE-LP08-MAC (client_id=spb_7e95fda569eb)
2026-05-03 06:42:47.828 INFO (MainThread) [music_assistant.airplay.bridge_manager] Sendspin bridge created for CCE-LP08-MAC
2026-05-03 06:42:47.834 INFO (MainThread) [music_assistant.players] Player (type protocol) registered: ap7e95fda569eb/CCE-LP08-MAC
2026-05-03 06:42:47.846 INFO (MainThread) [music_assistant.players] Player (type protocol) registered: spb_7e95fda569eb/CCE-LP08-MAC (AirPlay)
2026-05-03 06:42:51.060 INFO (MainThread) [music_assistant.players] Player unavailable: CCE-LP08-MAC (AirPlay)
2026-05-03 06:42:51.061 INFO (MainThread) [music_assistant.players] Player unavailable: CCE-LP08-MAC
2026-05-03 06:55:22.774 INFO (MainThread) [music_assistant.AirPlay.bridge.ap7e95fda569eb] Sendspin bridge registered for CCE-LP08-MAC (client_id=spb_7e95fda569eb)
2026-05-03 06:55:22.774 INFO (MainThread) [music_assistant.airplay.bridge_manager] Sendspin bridge created for CCE-LP08-MAC
2026-05-03 06:55:22.776 INFO (MainThread) [music_assistant.players] Player (type protocol) registered: ap7e95fda569eb/CCE-LP08-MAC
2026-05-03 06:55:22.782 INFO (MainThread) [music_assistant.players] Player (type protocol) registered: spb_7e95fda569eb/CCE-LP08-MAC (AirPlay)
2026-05-03 06:56:06.232 INFO (MainThread) [music_assistant.players] Player unavailable: CCE-LP08-MAC (AirPlay)
2026-05-03 06:56:06.233 INFO (MainThread) [music_assistant.players] Player unavailable: CCE-LP08-MAC
2026-05-03 06:56:55.605 INFO (MainThread) [music_assistant.music.genre] Genre mapping scan completed: 0 items mapped (0.1s)
2026-05-03 06:59:17.304 INFO (MainThread) [music_assistant.music.genre] Genre mapping scan completed: 0 items mapped (0.1s)
2026-05-03 07:00:12.997 INFO (MainThread) [music_assistant.music.genre] Genre mapping scan completed: 0 items mapped (0.1s)
2026-05-03 07:08:24.481 ERROR (Thread-15) [pychromecast.socket_client] [Nest Yatan(10.77.20.51):8009] Failed to connect to service HostServiceInfo(host='10.77.20.51', port=8009), retrying in 5.0s
2026-05-03 07:11:15.832 INFO (MainThread) [music_assistant.AirPlay.bridge.ap7e95fda569eb] Sendspin bridge registered for CCE-LP08-MAC (client_id=spb_7e95fda569eb)
2026-05-03 07:11:15.832 INFO (MainThread) [music_assistant.airplay.bridge_manager] Sendspin bridge created for CCE-LP08-MAC
2026-05-03 07:11:15.834 INFO (MainThread) [music_assistant.players] Player (type protocol) registered: ap7e95fda569eb/CCE-LP08-MAC
2026-05-03 07:11:15.840 INFO (MainThread) [music_assistant.players] Player (type protocol) registered: spb_7e95fda569eb/CCE-LP08-MAC (AirPlay)
2026-05-03 07:11:19.042 INFO (MainThread) [music_assistant.players] Player unavailable: CCE-LP08-MAC (AirPlay)
2026-05-03 07:11:19.043 INFO (MainThread) [music_assistant.players] Player unavailable: CCE-LP08-MAC
2026-05-03 07:28:15.772 INFO (MainThread) [music_assistant.AirPlay.bridge.ap7e95fda569eb] Sendspin bridge registered for CCE-LP08-MAC (client_id=spb_7e95fda569eb)
2026-05-03 07:28:15.772 INFO (MainThread) [music_assistant.airplay.bridge_manager] Sendspin bridge created for CCE-LP08-MAC
2026-05-03 07:28:15.775 INFO (MainThread) [music_assistant.players] Player (type protocol) registered: ap7e95fda569eb/CCE-LP08-MAC
2026-05-03 07:28:15.780 INFO (MainThread) [music_assistant.players] Player (type protocol) registered: spb_7e95fda569eb/CCE-LP08-MAC (AirPlay)
2026-05-03 07:28:19.040 INFO (MainThread) [music_assistant.players] Player unavailable: CCE-LP08-MAC (AirPlay)
2026-05-03 07:28:19.041 INFO (MainThread) [music_assistant.players] Player unavailable: CCE-LP08-MAC
2026-05-03 07:43:29.770 INFO (MainThread) [music_assistant.AirPlay.bridge.ap7e95fda569eb] Sendspin bridge registered for CCE-LP08-MAC (client_id=spb_7e95fda569eb)
2026-05-03 07:43:29.770 INFO (MainThread) [music_assistant.airplay.bridge_manager] Sendspin bridge created for CCE-LP08-MAC
2026-05-03 07:43:29.775 INFO (MainThread) [music_assistant.players] Player (type protocol) registered: ap7e95fda569eb/CCE-LP08-MAC
2026-05-03 07:43:29.788 INFO (MainThread) [music_assistant.players] Player (type protocol) registered: spb_7e95fda569eb/CCE-LP08-MAC (AirPlay)
2026-05-03 07:43:33.030 INFO (MainThread) [music_assistant.players] Player unavailable: CCE-LP08-MAC (AirPlay)
2026-05-03 07:43:33.031 INFO (MainThread) [music_assistant.players] Player unavailable: CCE-LP08-MAC
2026-05-03 07:56:22.853 INFO (MainThread) [music_assistant.AirPlay.bridge.ap7e95fda569eb] Sendspin bridge registered for CCE-LP08-MAC (client_id=spb_7e95fda569eb)
2026-05-03 07:56:22.853 INFO (MainThread) [music_assistant.airplay.bridge_manager] Sendspin bridge created for CCE-LP08-MAC
2026-05-03 07:56:22.855 INFO (MainThread) [music_assistant.players] Player (type protocol) registered: ap7e95fda569eb/CCE-LP08-MAC
2026-05-03 07:56:22.861 INFO (MainThread) [music_assistant.players] Player (type protocol) registered: spb_7e95fda569eb/CCE-LP08-MAC (AirPlay)
2026-05-03 07:57:06.206 INFO (MainThread) [music_assistant.players] Player unavailable: CCE-LP08-MAC (AirPlay)
2026-05-03 07:57:06.207 INFO (MainThread) [music_assistant.players] Player unavailable: CCE-LP08-MAC
2026-05-03 08:14:35.803 INFO (MainThread) [music_assistant.AirPlay.bridge.ap7e95fda569eb] Sendspin bridge registered for CCE-LP08-MAC (client_id=spb_7e95fda569eb)
2026-05-03 08:14:35.803 INFO (MainThread) [music_assistant.airplay.bridge_manager] Sendspin bridge created for CCE-LP08-MAC
2026-05-03 08:14:35.808 INFO (MainThread) [music_assistant.players] Player (type protocol) registered: ap7e95fda569eb/CCE-LP08-MAC
2026-05-03 08:14:35.823 INFO (MainThread) [music_assistant.players] Player (type protocol) registered: spb_7e95fda569eb/CCE-LP08-MAC (AirPlay)
2026-05-03 08:14:39.024 INFO (MainThread) [music_assistant.players] Player unavailable: CCE-LP08-MAC (AirPlay)
2026-05-03 08:14:39.026 INFO (MainThread) [music_assistant.players] Player unavailable: CCE-LP08-MAC
2026-05-03 08:31:36.776 INFO (MainThread) [music_assistant.AirPlay.bridge.ap7e95fda569eb] Sendspin bridge registered for CCE-LP08-MAC (client_id=spb_7e95fda569eb)
2026-05-03 08:31:36.776 INFO (MainThread) [music_assistant.airplay.bridge_manager] Sendspin bridge created for CCE-LP08-MAC
2026-05-03 08:31:36.779 INFO (MainThread) [music_assistant.players] Player (type protocol) registered: ap7e95fda569eb/CCE-LP08-MAC
2026-05-03 08:31:36.787 INFO (MainThread) [music_assistant.players] Player (type protocol) registered: spb_7e95fda569eb/CCE-LP08-MAC (AirPlay)
2026-05-03 08:31:40.019 INFO (MainThread) [music_assistant.players] Player unavailable: CCE-LP08-MAC (AirPlay)
2026-05-03 08:31:40.020 INFO (MainThread) [music_assistant.players] Player unavailable: CCE-LP08-MAC
2026-05-03 08:38:59.796 INFO (MainThread) [music_assistant.AirPlay.bridge.ap7e95fda569eb] Sendspin bridge registered for CCE-LP08-MAC (client_id=spb_7e95fda569eb)
2026-05-03 08:38:59.796 INFO (MainThread) [music_assistant.airplay.bridge_manager] Sendspin bridge created for CCE-LP08-MAC
2026-05-03 08:38:59.801 INFO (MainThread) [music_assistant.players] Player (type protocol) registered: ap7e95fda569eb/CCE-LP08-MAC
2026-05-03 08:38:59.816 INFO (MainThread) [music_assistant.players] Player (type protocol) registered: spb_7e95fda569eb/CCE-LP08-MAC (AirPlay)
2026-05-03 08:39:43.180 INFO (MainThread) [music_assistant.players] Player unavailable: CCE-LP08-MAC (AirPlay)
2026-05-03 08:39:43.181 INFO (MainThread) [music_assistant.players] Player unavailable: CCE-LP08-MAC
2026-05-03 08:40:57.866 INFO (MainThread) [music_assistant.AirPlay.bridge.ap7e95fda569eb] Sendspin bridge registered for CCE-LP08-MAC (client_id=spb_7e95fda569eb)
2026-05-03 08:40:57.866 INFO (MainThread) [music_assistant.airplay.bridge_manager] Sendspin bridge created for CCE-LP08-MAC
2026-05-03 08:40:57.867 INFO (MainThread) [music_assistant.players] Player (type protocol) registered: ap7e95fda569eb/CCE-LP08-MAC
2026-05-03 08:40:57.873 INFO (MainThread) [music_assistant.players] Player (type protocol) registered: spb_7e95fda569eb/CCE-LP08-MAC (AirPlay)
2026-05-03 09:02:19.172 INFO (MainThread) [music_assistant.music.genre] Genre mapping scan completed: 0 items mapped (0.1s)
2026-05-03 10:54:46.773 INFO (MainThread) [music_assistant.players] Player unavailable: CCE-LP08-MAC (AirPlay)
2026-05-03 10:54:46.773 INFO (MainThread) [music_assistant.players] Player unavailable: CCE-LP08-MAC
2026-05-03 10:55:24.155 INFO (MainThread) [music_assistant.AirPlay.bridge.ap7e95fda569eb] Sendspin bridge registered for CCE-LP08-MAC (client_id=spb_7e95fda569eb)
2026-05-03 10:55:24.156 INFO (MainThread) [music_assistant.airplay.bridge_manager] Sendspin bridge created for CCE-LP08-MAC
2026-05-03 10:55:24.161 INFO (MainThread) [music_assistant.players] Player (type protocol) registered: ap7e95fda569eb/CCE-LP08-MAC
2026-05-03 10:55:24.177 INFO (MainThread) [music_assistant.players] Player (type protocol) registered: spb_7e95fda569eb/CCE-LP08-MAC (AirPlay)
2026-05-03 11:06:53.329 INFO (MainThread) [music_assistant.players] Player unavailable: CCE-LP08-MAC (AirPlay)
2026-05-03 11:06:53.330 INFO (MainThread) [music_assistant.players] Player unavailable: CCE-LP08-MAC
2026-05-03 11:24:12.841 INFO (MainThread) [music_assistant.AirPlay.bridge.ap7e95fda569eb] Sendspin bridge registered for CCE-LP08-MAC (client_id=spb_7e95fda569eb)
2026-05-03 11:24:12.841 INFO (MainThread) [music_assistant.airplay.bridge_manager] Sendspin bridge created for CCE-LP08-MAC
2026-05-03 11:24:12.843 INFO (MainThread) [music_assistant.players] Player (type protocol) registered: ap7e95fda569eb/CCE-LP08-MAC
2026-05-03 11:24:12.850 INFO (MainThread) [music_assistant.players] Player (type protocol) registered: spb_7e95fda569eb/CCE-LP08-MAC (AirPlay)
2026-05-03 11:24:15.974 INFO (MainThread) [music_assistant.players] Player unavailable: CCE-LP08-MAC (AirPlay)
2026-05-03 11:24:15.976 INFO (MainThread) [music_assistant.players] Player unavailable: CCE-LP08-MAC
2026-05-03 11:40:31.798 INFO (MainThread) [music_assistant.AirPlay.bridge.ap7e95fda569eb] Sendspin bridge registered for CCE-LP08-MAC (client_id=spb_7e95fda569eb)
2026-05-03 11:40:31.798 INFO (MainThread) [music_assistant.airplay.bridge_manager] Sendspin bridge created for CCE-LP08-MAC
2026-05-03 11:40:31.803 INFO (MainThread) [music_assistant.players] Player (type protocol) registered: ap7e95fda569eb/CCE-LP08-MAC
2026-05-03 11:40:31.815 INFO (MainThread) [music_assistant.players] Player (type protocol) registered: spb_7e95fda569eb/CCE-LP08-MAC (AirPlay)
2026-05-03 11:40:34.965 INFO (MainThread) [music_assistant.players] Player unavailable: CCE-LP08-MAC (AirPlay)
2026-05-03 11:40:34.966 INFO (MainThread) [music_assistant.players] Player unavailable: CCE-LP08-MAC
2026-05-03 11:56:53.774 INFO (MainThread) [music_assistant.AirPlay.bridge.ap7e95fda569eb] Sendspin bridge registered for CCE-LP08-MAC (client_id=spb_7e95fda569eb)
2026-05-03 11:56:53.774 INFO (MainThread) [music_assistant.airplay.bridge_manager] Sendspin bridge created for CCE-LP08-MAC
2026-05-03 11:56:53.778 INFO (MainThread) [music_assistant.players] Player (type protocol) registered: ap7e95fda569eb/CCE-LP08-MAC
2026-05-03 11:56:53.791 INFO (MainThread) [music_assistant.players] Player (type protocol) registered: spb_7e95fda569eb/CCE-LP08-MAC (AirPlay)
2026-05-03 11:56:56.951 INFO (MainThread) [music_assistant.players] Player unavailable: CCE-LP08-MAC (AirPlay)
2026-05-03 11:56:56.953 INFO (MainThread) [music_assistant.players] Player unavailable: CCE-LP08-MAC
2026-05-03 12:02:19.182 INFO (MainThread) [music_assistant.music.genre] Genre mapping scan completed: 0 items mapped (0.1s)
2026-05-03 12:04:55.441 INFO (MainThread) [music_assistant.AirPlay.bridge.ap7e95fda569eb] Sendspin bridge registered for CCE-LP08-MAC (client_id=spb_7e95fda569eb)
2026-05-03 12:04:55.441 INFO (MainThread) [music_assistant.airplay.bridge_manager] Sendspin bridge created for CCE-LP08-MAC
2026-05-03 12:04:55.444 INFO (MainThread) [music_assistant.players] Player (type protocol) registered: ap7e95fda569eb/CCE-LP08-MAC
2026-05-03 12:04:55.450 INFO (MainThread) [music_assistant.players] Player (type protocol) registered: spb_7e95fda569eb/CCE-LP08-MAC (AirPlay)
2026-05-03 13:34:05.052 INFO (MainThread) [music_assistant.players] Player unavailable: CCE-LP08-MAC (AirPlay)
2026-05-03 13:34:05.053 INFO (MainThread) [music_assistant.players] Player unavailable: CCE-LP08-MAC
2026-05-03 13:49:15.804 INFO (MainThread) [music_assistant.AirPlay.bridge.ap7e95fda569eb] Sendspin bridge registered for CCE-LP08-MAC (client_id=spb_7e95fda569eb)
2026-05-03 13:49:15.804 INFO (MainThread) [music_assistant.airplay.bridge_manager] Sendspin bridge created for CCE-LP08-MAC
2026-05-03 13:49:15.806 INFO (MainThread) [music_assistant.players] Player (type protocol) registered: ap7e95fda569eb/CCE-LP08-MAC
2026-05-03 13:49:15.813 INFO (MainThread) [music_assistant.players] Player (type protocol) registered: spb_7e95fda569eb/CCE-LP08-MAC (AirPlay)
2026-05-03 13:49:18.942 INFO (MainThread) [music_assistant.players] Player unavailable: CCE-LP08-MAC (AirPlay)
2026-05-03 13:49:18.944 INFO (MainThread) [music_assistant.players] Player unavailable: CCE-LP08-MAC
2026-05-03 14:04:44.838 INFO (MainThread) [music_assistant.AirPlay.bridge.ap7e95fda569eb] Sendspin bridge registered for CCE-LP08-MAC (client_id=spb_7e95fda569eb)
2026-05-03 14:04:44.838 INFO (MainThread) [music_assistant.airplay.bridge_manager] Sendspin bridge created for CCE-LP08-MAC
2026-05-03 14:04:44.840 INFO (MainThread) [music_assistant.players] Player (type protocol) registered: ap7e95fda569eb/CCE-LP08-MAC
2026-05-03 14:04:44.846 INFO (MainThread) [music_assistant.players] Player (type protocol) registered: spb_7e95fda569eb/CCE-LP08-MAC (AirPlay)
2026-05-03 14:04:47.937 INFO (MainThread) [music_assistant.players] Player unavailable: CCE-LP08-MAC (AirPlay)
2026-05-03 14:04:47.939 INFO (MainThread) [music_assistant.players] Player unavailable: CCE-LP08-MAC
2026-05-03 14:20:37.667 INFO (MainThread) [music_assistant.AirPlay.bridge.ap7e95fda569eb] Sendspin bridge registered for CCE-LP08-MAC (client_id=spb_7e95fda569eb)
2026-05-03 14:20:37.667 INFO (MainThread) [music_assistant.airplay.bridge_manager] Sendspin bridge created for CCE-LP08-MAC
2026-05-03 14:20:37.670 INFO (MainThread) [music_assistant.players] Player (type protocol) registered: ap7e95fda569eb/CCE-LP08-MAC
2026-05-03 14:20:37.675 INFO (MainThread) [music_assistant.players] Player (type protocol) registered: spb_7e95fda569eb/CCE-LP08-MAC (AirPlay)
2026-05-03 14:20:40.934 INFO (MainThread) [music_assistant.players] Player unavailable: CCE-LP08-MAC (AirPlay)
2026-05-03 14:20:40.935 INFO (MainThread) [music_assistant.players] Player unavailable: CCE-LP08-MAC
2026-05-03 14:35:56.669 INFO (MainThread) [music_assistant.AirPlay.bridge.ap7e95fda569eb] Sendspin bridge registered for CCE-LP08-MAC (client_id=spb_7e95fda569eb)
2026-05-03 14:35:56.669 INFO (MainThread) [music_assistant.airplay.bridge_manager] Sendspin bridge created for CCE-LP08-MAC
2026-05-03 14:35:56.673 INFO (MainThread) [music_assistant.players] Player (type protocol) registered: ap7e95fda569eb/CCE-LP08-MAC
2026-05-03 14:35:56.687 INFO (MainThread) [music_assistant.players] Player (type protocol) registered: spb_7e95fda569eb/CCE-LP08-MAC (AirPlay)
2026-05-03 14:35:59.921 INFO (MainThread) [music_assistant.players] Player unavailable: CCE-LP08-MAC (AirPlay)
2026-05-03 14:35:59.923 INFO (MainThread) [music_assistant.players] Player unavailable: CCE-LP08-MAC
2026-05-03 14:53:03.720 INFO (MainThread) [music_assistant.AirPlay.bridge.ap7e95fda569eb] Sendspin bridge registered for CCE-LP08-MAC (client_id=spb_7e95fda569eb)
2026-05-03 14:53:03.720 INFO (MainThread) [music_assistant.airplay.bridge_manager] Sendspin bridge created for CCE-LP08-MAC
2026-05-03 14:53:03.726 INFO (MainThread) [music_assistant.players] Player (type protocol) registered: ap7e95fda569eb/CCE-LP08-MAC
2026-05-03 14:53:03.740 INFO (MainThread) [music_assistant.players] Player (type protocol) registered: spb_7e95fda569eb/CCE-LP08-MAC (AirPlay)
2026-05-03 14:53:06.926 INFO (MainThread) [music_assistant.players] Player unavailable: CCE-LP08-MAC (AirPlay)
2026-05-03 14:53:06.927 INFO (MainThread) [music_assistant.players] Player unavailable: CCE-LP08-MAC
2026-05-03 15:02:19.146 INFO (MainThread) [music_assistant.music.genre] Genre mapping scan completed: 0 items mapped (0.1s)
2026-05-03 15:08:26.696 INFO (MainThread) [music_assistant.AirPlay.bridge.ap7e95fda569eb] Sendspin bridge registered for CCE-LP08-MAC (client_id=spb_7e95fda569eb)
2026-05-03 15:08:26.696 INFO (MainThread) [music_assistant.airplay.bridge_manager] Sendspin bridge created for CCE-LP08-MAC
2026-05-03 15:08:26.700 INFO (MainThread) [music_assistant.players] Player (type protocol) registered: ap7e95fda569eb/CCE-LP08-MAC
2026-05-03 15:08:26.715 INFO (MainThread) [music_assistant.players] Player (type protocol) registered: spb_7e95fda569eb/CCE-LP08-MAC (AirPlay)
2026-05-03 15:08:29.918 INFO (MainThread) [music_assistant.players] Player unavailable: CCE-LP08-MAC (AirPlay)
2026-05-03 15:08:29.919 INFO (MainThread) [music_assistant.players] Player unavailable: CCE-LP08-MAC
2026-05-03 15:17:02.373 INFO (MainThread) [music_assistant.AirPlay.bridge.ap7e95fda569eb] Sendspin bridge registered for CCE-LP08-MAC (client_id=spb_7e95fda569eb)
2026-05-03 15:17:02.373 INFO (MainThread) [music_assistant.airplay.bridge_manager] Sendspin bridge created for CCE-LP08-MAC
2026-05-03 15:17:02.378 INFO (MainThread) [music_assistant.players] Player (type protocol) registered: ap7e95fda569eb/CCE-LP08-MAC
2026-05-03 15:17:02.393 INFO (MainThread) [music_assistant.players] Player (type protocol) registered: spb_7e95fda569eb/CCE-LP08-MAC (AirPlay)
2026-05-03 15:29:29.185 INFO (MainThread) [music_assistant.players] Player unavailable: CCE-LP08-MAC (AirPlay)
2026-05-03 15:29:29.186 INFO (MainThread) [music_assistant.players] Player unavailable: CCE-LP08-MAC
2026-05-03 15:40:14.375 INFO (MainThread) [music_assistant.AirPlay.bridge.ap7e95fda569eb] Sendspin bridge registered for CCE-LP08-MAC (client_id=spb_7e95fda569eb)
2026-05-03 15:40:14.375 INFO (MainThread) [music_assistant.airplay.bridge_manager] Sendspin bridge created for CCE-LP08-MAC
2026-05-03 15:40:14.376 INFO (MainThread) [music_assistant.players] Player (type protocol) registered: ap7e95fda569eb/CCE-LP08-MAC
2026-05-03 15:40:14.383 INFO (MainThread) [music_assistant.players] Player (type protocol) registered: spb_7e95fda569eb/CCE-LP08-MAC (AirPlay)
2026-05-03 16:20:31.323 INFO (MainThread) [music_assistant.players] Player unavailable: CCE-LP08-MAC (AirPlay)
2026-05-03 16:20:31.323 INFO (MainThread) [music_assistant.players] Player unavailable: CCE-LP08-MAC
2026-05-03 16:25:15.818 ERROR (Thread-17) [pychromecast.socket_client] [2021/22 Philips UHD Android TV(10.77.20.91):8009] Failed to connect to service HostServiceInfo(host='10.77.20.91', port=8009), retrying in 5.0s
2026-05-03 16:30:32.017 INFO (MainThread) [music_assistant.AirPlay.bridge.ap7e95fda569eb] Sendspin bridge registered for CCE-LP08-MAC (client_id=spb_7e95fda569eb)
2026-05-03 16:30:32.017 INFO (MainThread) [music_assistant.airplay.bridge_manager] Sendspin bridge created for CCE-LP08-MAC
2026-05-03 16:30:32.018 INFO (MainThread) [music_assistant.players] Player (type protocol) registered: ap7e95fda569eb/CCE-LP08-MAC
2026-05-03 16:30:32.025 INFO (MainThread) [music_assistant.players] Player (type protocol) registered: spb_7e95fda569eb/CCE-LP08-MAC (AirPlay)
2026-05-03 16:50:13.572 INFO (MainThread) [music_assistant.players] Player unavailable: CCE-LP08-MAC (AirPlay)
2026-05-03 16:50:13.573 INFO (MainThread) [music_assistant.players] Player unavailable: CCE-LP08-MAC
2026-05-03 16:53:07.495 ERROR (MainThread) [aiosonos.api] Received unhandled error: {'namespace': 'playback:1', 'householdId': 'Sonos_y8hSZo71JVHoDeqHO9CFprNrLl.Ff5qK8du_tuL2WUT-oQn', 'locationId': 'lc_278d0e19b33e41378e6c9325d4c6f3f1', 'groupId': 'RINCON_B8E937D4FB0401400:3753169068', 'name': 'playbackError', 'type': 'playbackError'}: {'_objectType': 'playbackError', 'errorCode': 'ERROR_PLAYBACK_NO_CONTENT', 'reason': 'ERROR_NO_CONTENT', 'serviceId': -1}
2026-05-03 16:53:56.101 INFO (MainThread) [music_assistant.SONOS] Setting active output protocol on Keuken to Native
2026-05-03 16:54:20.185 WARNING (MainThread) [music_assistant.streams] Player Keuken disconnected prematurely from stream for Radiohead - 15 Step (library://track/9006) - error: ConnectionError, sent 16332870 bytes, content_length=None
2026-05-03 16:54:27.973 WARNING (MainThread) [music_assistant.streams] Player Keuken disconnected prematurely from stream for Radiohead - Pyramid Song (ytmusic--yvPdEZtQ://track/2Agt3XfmccM) - error: ConnectionError, sent 4497552 bytes, content_length=None
2026-05-03 17:01:46.644 WARNING (MainThread) [music_assistant.streams] Player Keuken disconnected prematurely from stream for Massive Attack - Angel (Angel Dust) (ytmusic--yvPdEZtQ://track/H_aMEyQG2Bw) - error: ConnectionError, sent 29704467 bytes, content_length=None
2026-05-03 17:07:10.794 INFO (MainThread) [music_assistant.AirPlay.bridge.ap7e95fda569eb] Sendspin bridge registered for CCE-LP08-MAC (client_id=spb_7e95fda569eb)
2026-05-03 17:07:10.794 INFO (MainThread) [music_assistant.airplay.bridge_manager] Sendspin bridge created for CCE-LP08-MAC
2026-05-03 17:07:10.800 INFO (MainThread) [music_assistant.players] Player (type protocol) registered: ap7e95fda569eb/CCE-LP08-MAC
2026-05-03 17:07:10.814 INFO (MainThread) [music_assistant.players] Player (type protocol) registered: spb_7e95fda569eb/CCE-LP08-MAC (AirPlay)
2026-05-03 17:07:13.878 INFO (MainThread) [music_assistant.players] Player unavailable: CCE-LP08-MAC (AirPlay)
2026-05-03 17:07:13.880 INFO (MainThread) [music_assistant.players] Player unavailable: CCE-LP08-MAC
2026-05-03 17:09:40.919 WARNING (MainThread) [music_assistant.streams] Player Keuken disconnected prematurely from stream for .diedlonely/théos - horizons (ytmusic--yvPdEZtQ://track/e5UkXm0_F00) - error: ConnectionError, sent 2822027 bytes, content_length=None
2026-05-03 17:09:48.621 WARNING (MainThread) [music_assistant.streams] Player Keuken disconnected prematurely from stream for Archive - Everything's Alright - Reeperbahn Festival Collide (library://track/6695) - error: ConnectionError, sent 4340687 bytes, content_length=None
2026-05-03 17:13:53.502 INFO (MainThread) [music_assistant.AirPlay.bridge.ap7e95fda569eb] Sendspin bridge registered for CCE-LP08-MAC (client_id=spb_7e95fda569eb)
2026-05-03 17:13:53.502 INFO (MainThread) [music_assistant.airplay.bridge_manager] Sendspin bridge created for CCE-LP08-MAC
2026-05-03 17:13:53.510 INFO (MainThread) [music_assistant.players] Player (type protocol) registered: ap7e95fda569eb/CCE-LP08-MAC
2026-05-03 17:13:53.528 INFO (MainThread) [music_assistant.players] Player (type protocol) registered: spb_7e95fda569eb/CCE-LP08-MAC (AirPlay)
2026-05-03 17:14:36.866 INFO (MainThread) [music_assistant.players] Player unavailable: CCE-LP08-MAC (AirPlay)
2026-05-03 17:14:36.867 INFO (MainThread) [music_assistant.players] Player unavailable: CCE-LP08-MAC
2026-05-03 17:19:37.363 INFO (MainThread) [music_assistant.AirPlay.bridge.ap7e95fda569eb] Sendspin bridge registered for CCE-LP08-MAC (client_id=spb_7e95fda569eb)
2026-05-03 17:19:37.364 INFO (MainThread) [music_assistant.airplay.bridge_manager] Sendspin bridge created for CCE-LP08-MAC
2026-05-03 17:19:37.368 INFO (MainThread) [music_assistant.players] Player (type protocol) registered: ap7e95fda569eb/CCE-LP08-MAC
2026-05-03 17:19:37.383 INFO (MainThread) [music_assistant.players] Player (type protocol) registered: spb_7e95fda569eb/CCE-LP08-MAC (AirPlay)
2026-05-03 17:20:20.778 INFO (MainThread) [music_assistant.players] Player unavailable: CCE-LP08-MAC (AirPlay)
2026-05-03 17:20:20.779 INFO (MainThread) [music_assistant.players] Player unavailable: CCE-LP08-MAC
2026-05-03 17:23:05.951 INFO (MainThread) [music_assistant.AirPlay.bridge.ap7e95fda569eb] Sendspin bridge registered for CCE-LP08-MAC (client_id=spb_7e95fda569eb)
2026-05-03 17:23:05.952 INFO (MainThread) [music_assistant.airplay.bridge_manager] Sendspin bridge created for CCE-LP08-MAC
2026-05-03 17:23:05.956 INFO (MainThread) [music_assistant.players] Player (type protocol) registered: ap7e95fda569eb/CCE-LP08-MAC
2026-05-03 17:23:05.967 INFO (MainThread) [music_assistant.players] Player (type protocol) registered: spb_7e95fda569eb/CCE-LP08-MAC (AirPlay)
2026-05-03 18:02:19.170 INFO (MainThread) [music_assistant.music.genre] Genre mapping scan completed: 0 items mapped (0.1s)
2026-05-03 18:40:11.652 INFO (MainThread) [music_assistant.players] Player unavailable: CCE-LP08-MAC (AirPlay)
2026-05-03 18:40:11.653 INFO (MainThread) [music_assistant.players] Player unavailable: CCE-LP08-MAC
2026-05-03 18:50:45.211 INFO (MainThread) [music_assistant.AirPlay.bridge.ap7e95fda569eb] Sendspin bridge registered for CCE-LP08-MAC (client_id=spb_7e95fda569eb)
2026-05-03 18:50:45.211 INFO (MainThread) [music_assistant.airplay.bridge_manager] Sendspin bridge created for CCE-LP08-MAC
2026-05-03 18:50:45.213 INFO (MainThread) [music_assistant.players] Player (type protocol) registered: ap7e95fda569eb/CCE-LP08-MAC
2026-05-03 18:50:45.220 INFO (MainThread) [music_assistant.players] Player (type protocol) registered: spb_7e95fda569eb/CCE-LP08-MAC (AirPlay)
2026-05-03 18:57:05.948 INFO (MainThread) [music_assistant.music.genre] Genre mapping scan completed: 0 items mapped (0.1s)
2026-05-03 18:59:17.801 INFO (MainThread) [music_assistant.music.genre] Genre mapping scan completed: 0 items mapped (0.1s)
2026-05-03 19:00:13.309 INFO (MainThread) [music_assistant.music.genre] Genre mapping scan completed: 0 items mapped (0.1s)
2026-05-03 19:02:31.116 INFO (MainThread) [music_assistant.players] Player unavailable: CCE-LP08-MAC (AirPlay)
2026-05-03 19:02:31.118 INFO (MainThread) [music_assistant.players] Player unavailable: CCE-LP08-MAC
2026-05-03 19:03:58.073 INFO (MainThread) [music_assistant.AirPlay.bridge.ap7e95fda569eb] Sendspin bridge registered for CCE-LP08-MAC (client_id=spb_7e95fda569eb)
2026-05-03 19:03:58.073 INFO (MainThread) [music_assistant.airplay.bridge_manager] Sendspin bridge created for CCE-LP08-MAC
2026-05-03 19:03:58.075 INFO (MainThread) [music_assistant.players] Player (type protocol) registered: ap7e95fda569eb/CCE-LP08-MAC
2026-05-03 19:03:58.081 INFO (MainThread) [music_assistant.players] Player (type protocol) registered: spb_7e95fda569eb/CCE-LP08-MAC (AirPlay)
2026-05-03 19:04:06.489 INFO (MainThread) [music_assistant.players] Player unavailable: CCE-LP08-MAC (AirPlay)
2026-05-03 19:04:06.492 INFO (MainThread) [music_assistant.players] Player unavailable: CCE-LP08-MAC
2026-05-03 19:19:08.606 INFO (MainThread) [music_assistant.AirPlay.bridge.ap7e95fda569eb] Sendspin bridge registered for CCE-LP08-MAC (client_id=spb_7e95fda569eb)
2026-05-03 19:19:08.606 INFO (MainThread) [music_assistant.airplay.bridge_manager] Sendspin bridge created for CCE-LP08-MAC
2026-05-03 19:19:08.608 INFO (MainThread) [music_assistant.players] Player (type protocol) registered: ap7e95fda569eb/CCE-LP08-MAC
2026-05-03 19:19:08.614 INFO (MainThread) [music_assistant.players] Player (type protocol) registered: spb_7e95fda569eb/CCE-LP08-MAC (AirPlay)
2026-05-03 19:19:11.838 INFO (MainThread) [music_assistant.players] Player unavailable: CCE-LP08-MAC (AirPlay)
2026-05-03 19:19:11.839 INFO (MainThread) [music_assistant.players] Player unavailable: CCE-LP08-MAC
2026-05-03 19:27:43.493 INFO (MainThread) [music_assistant.AirPlay.bridge.ap7e95fda569eb] Sendspin bridge registered for CCE-LP08-MAC (client_id=spb_7e95fda569eb)
2026-05-03 19:27:43.493 INFO (MainThread) [music_assistant.airplay.bridge_manager] Sendspin bridge created for CCE-LP08-MAC
2026-05-03 19:27:43.495 INFO (MainThread) [music_assistant.players] Player (type protocol) registered: ap7e95fda569eb/CCE-LP08-MAC
2026-05-03 19:27:43.502 INFO (MainThread) [music_assistant.players] Player (type protocol) registered: spb_7e95fda569eb/CCE-LP08-MAC (AirPlay)
2026-05-03 20:07:20.743 INFO (MainThread) [music_assistant.players] Player unavailable: CCE-LP08-MAC (AirPlay)
2026-05-03 20:07:20.744 INFO (MainThread) [music_assistant.players] Player unavailable: CCE-LP08-MAC
2026-05-03 20:07:38.054 INFO (MainThread) [music_assistant.AirPlay.bridge.ap7e95fda569eb] Sendspin bridge registered for CCE-LP08-MAC (client_id=spb_7e95fda569eb)
2026-05-03 20:07:38.054 INFO (MainThread) [music_assistant.airplay.bridge_manager] Sendspin bridge created for CCE-LP08-MAC
2026-05-03 20:07:38.056 INFO (MainThread) [music_assistant.players] Player (type protocol) registered: ap7e95fda569eb/CCE-LP08-MAC
2026-05-03 20:07:38.062 INFO (MainThread) [music_assistant.players] Player (type protocol) registered: spb_7e95fda569eb/CCE-LP08-MAC (AirPlay)
2026-05-03 20:35:07.512 INFO (MainThread) [music_assistant.players] Player unavailable: CCE-LP08-MAC (AirPlay)
2026-05-03 20:35:07.513 INFO (MainThread) [music_assistant.players] Player unavailable: CCE-LP08-MAC
2026-05-03 20:43:13.726 INFO (MainThread) [music_assistant.AirPlay.bridge.ap7e95fda569eb] Sendspin bridge registered for CCE-LP08-MAC (client_id=spb_7e95fda569eb)
2026-05-03 20:43:13.726 INFO (MainThread) [music_assistant.airplay.bridge_manager] Sendspin bridge created for CCE-LP08-MAC
2026-05-03 20:43:13.728 INFO (MainThread) [music_assistant.players] Player (type protocol) registered: ap7e95fda569eb/CCE-LP08-MAC
2026-05-03 20:43:13.734 INFO (MainThread) [music_assistant.players] Player (type protocol) registered: spb_7e95fda569eb/CCE-LP08-MAC (AirPlay)
2026-05-03 20:44:33.265 INFO (MainThread) [music_assistant.players] Player unavailable: CCE-LP08-MAC (AirPlay)
2026-05-03 20:44:33.266 INFO (MainThread) [music_assistant.players] Player unavailable: CCE-LP08-MAC
2026-05-03 20:53:36.662 INFO (MainThread) [music_assistant.AirPlay.bridge.ap7e95fda569eb] Sendspin bridge registered for CCE-LP08-MAC (client_id=spb_7e95fda569eb)
2026-05-03 20:53:36.662 INFO (MainThread) [music_assistant.airplay.bridge_manager] Sendspin bridge created for CCE-LP08-MAC
2026-05-03 20:53:36.664 INFO (MainThread) [music_assistant.players] Player (type protocol) registered: ap7e95fda569eb/CCE-LP08-MAC
2026-05-03 20:53:36.670 INFO (MainThread) [music_assistant.players] Player (type protocol) registered: spb_7e95fda569eb/CCE-LP08-MAC (AirPlay)
2026-05-03 20:54:18.919 INFO (MainThread) [music_assistant.players] Player unavailable: CCE-LP08-MAC (AirPlay)
2026-05-03 20:54:18.920 INFO (MainThread) [music_assistant.players] Player unavailable: CCE-LP08-MAC
2026-05-03 21:00:07.432 INFO (MainThread) [music_assistant.AirPlay.bridge.ap7e95fda569eb] Sendspin bridge registered for CCE-LP08-MAC (client_id=spb_7e95fda569eb)
2026-05-03 21:00:07.432 INFO (MainThread) [music_assistant.airplay.bridge_manager] Sendspin bridge created for CCE-LP08-MAC
2026-05-03 21:00:07.435 INFO (MainThread) [music_assistant.players] Player (type protocol) registered: ap7e95fda569eb/CCE-LP08-MAC
2026-05-03 21:00:07.440 INFO (MainThread) [music_assistant.players] Player (type protocol) registered: spb_7e95fda569eb/CCE-LP08-MAC (AirPlay)
2026-05-03 21:01:21.803 INFO (MainThread) [music_assistant.players] Player unavailable: CCE-LP08-MAC (AirPlay)
2026-05-03 21:01:21.804 INFO (MainThread) [music_assistant.players] Player unavailable: CCE-LP08-MAC
2026-05-03 21:02:19.177 INFO (MainThread) [music_assistant.music.genre] Genre mapping scan completed: 0 items mapped (0.1s)
2026-05-03 21:16:27.767 INFO (MainThread) [music_assistant.AirPlay.bridge.ap7e95fda569eb] Sendspin bridge registered for CCE-LP08-MAC (client_id=spb_7e95fda569eb)
2026-05-03 21:16:27.767 INFO (MainThread) [music_assistant.airplay.bridge_manager] Sendspin bridge created for CCE-LP08-MAC
2026-05-03 21:16:27.771 INFO (MainThread) [music_assistant.players] Player (type protocol) registered: ap7e95fda569eb/CCE-LP08-MAC
2026-05-03 21:16:27.780 INFO (MainThread) [music_assistant.players] Player (type protocol) registered: spb_7e95fda569eb/CCE-LP08-MAC (AirPlay)
2026-05-03 21:22:20.973 INFO (MainThread) [music_assistant.players] Player unavailable: CCE-LP08-MAC (AirPlay)
2026-05-03 21:22:20.974 INFO (MainThread) [music_assistant.players] Player unavailable: CCE-LP08-MAC
2026-05-03 21:23:43.032 INFO (MainThread) [music_assistant.AirPlay.bridge.ap7e95fda569eb] Sendspin bridge registered for CCE-LP08-MAC (client_id=spb_7e95fda569eb)
2026-05-03 21:23:43.032 INFO (MainThread) [music_assistant.airplay.bridge_manager] Sendspin bridge created for CCE-LP08-MAC
2026-05-03 21:23:43.036 INFO (MainThread) [music_assistant.players] Player (type protocol) registered: ap7e95fda569eb/CCE-LP08-MAC
2026-05-03 21:23:43.050 INFO (MainThread) [music_assistant.players] Player (type protocol) registered: spb_7e95fda569eb/CCE-LP08-MAC (AirPlay)
2026-05-03 21:30:01.061 INFO (MainThread) [music_assistant.players] Player unavailable: CCE-LP08-MAC (AirPlay)
2026-05-03 21:30:01.062 INFO (MainThread) [music_assistant.players] Player unavailable: CCE-LP08-MAC
2026-05-03 21:45:40.686 INFO (MainThread) [music_assistant.AirPlay.bridge.ap7e95fda569eb] Sendspin bridge registered for CCE-LP08-MAC (client_id=spb_7e95fda569eb)
2026-05-03 21:45:40.686 INFO (MainThread) [music_assistant.airplay.bridge_manager] Sendspin bridge created for CCE-LP08-MAC
2026-05-03 21:45:40.688 INFO (MainThread) [music_assistant.players] Player (type protocol) registered: ap7e95fda569eb/CCE-LP08-MAC
2026-05-03 21:45:40.693 INFO (MainThread) [music_assistant.players] Player (type protocol) registered: spb_7e95fda569eb/CCE-LP08-MAC (AirPlay)
2026-05-03 21:45:43.804 INFO (MainThread) [music_assistant.players] Player unavailable: CCE-LP08-MAC (AirPlay)
2026-05-03 21:45:43.805 INFO (MainThread) [music_assistant.players] Player unavailable: CCE-LP08-MAC
2026-05-03 22:03:19.576 INFO (MainThread) [music_assistant.AirPlay.bridge.ap7e95fda569eb] Sendspin bridge registered for CCE-LP08-MAC (client_id=spb_7e95fda569eb)
2026-05-03 22:03:19.576 INFO (MainThread) [music_assistant.airplay.bridge_manager] Sendspin bridge created for CCE-LP08-MAC
2026-05-03 22:03:19.577 INFO (MainThread) [music_assistant.players] Player (type protocol) registered: ap7e95fda569eb/CCE-LP08-MAC
2026-05-03 22:03:19.583 INFO (MainThread) [music_assistant.players] Player (type protocol) registered: spb_7e95fda569eb/CCE-LP08-MAC (AirPlay)
2026-05-03 22:03:22.804 INFO (MainThread) [music_assistant.players] Player unavailable: CCE-LP08-MAC (AirPlay)
2026-05-03 22:03:22.804 INFO (MainThread) [music_assistant.players] Player unavailable: CCE-LP08-MAC
2026-05-03 22:19:14.879 ERROR (Thread-17) [pychromecast.socket_client] [2021/22 Philips UHD Android TV(10.77.20.91):8009] Failed to connect to service HostServiceInfo(host='10.77.20.91', port=8009), retrying in 5.0s
2026-05-03 22:20:26.582 INFO (MainThread) [music_assistant.AirPlay.bridge.ap7e95fda569eb] Sendspin bridge registered for CCE-LP08-MAC (client_id=spb_7e95fda569eb)
2026-05-03 22:20:26.582 INFO (MainThread) [music_assistant.airplay.bridge_manager] Sendspin bridge created for CCE-LP08-MAC
2026-05-03 22:20:26.584 INFO (MainThread) [music_assistant.players] Player (type protocol) registered: ap7e95fda569eb/CCE-LP08-MAC
2026-05-03 22:20:26.591 INFO (MainThread) [music_assistant.players] Player (type protocol) registered: spb_7e95fda569eb/CCE-LP08-MAC (AirPlay)
2026-05-03 22:20:29.778 INFO (MainThread) [music_assistant.players] Player unavailable: CCE-LP08-MAC (AirPlay)
2026-05-03 22:20:29.780 INFO (MainThread) [music_assistant.players] Player unavailable: CCE-LP08-MAC
2026-05-03 22:35:56.610 INFO (MainThread) [music_assistant.AirPlay.bridge.ap7e95fda569eb] Sendspin bridge registered for CCE-LP08-MAC (client_id=spb_7e95fda569eb)
2026-05-03 22:35:56.610 INFO (MainThread) [music_assistant.airplay.bridge_manager] Sendspin bridge created for CCE-LP08-MAC
2026-05-03 22:35:56.612 INFO (MainThread) [music_assistant.players] Player (type protocol) registered: ap7e95fda569eb/CCE-LP08-MAC
2026-05-03 22:35:56.618 INFO (MainThread) [music_assistant.players] Player (type protocol) registered: spb_7e95fda569eb/CCE-LP08-MAC (AirPlay)
2026-05-03 22:35:59.782 INFO (MainThread) [music_assistant.players] Player unavailable: CCE-LP08-MAC (AirPlay)
2026-05-03 22:35:59.783 INFO (MainThread) [music_assistant.players] Player unavailable: CCE-LP08-MAC
2026-05-03 22:53:30.624 INFO (MainThread) [music_assistant.AirPlay.bridge.ap7e95fda569eb] Sendspin bridge registered for CCE-LP08-MAC (client_id=spb_7e95fda569eb)
2026-05-03 22:53:30.624 INFO (MainThread) [music_assistant.airplay.bridge_manager] Sendspin bridge created for CCE-LP08-MAC
2026-05-03 22:53:30.626 INFO (MainThread) [music_assistant.players] Player (type protocol) registered: ap7e95fda569eb/CCE-LP08-MAC
2026-05-03 22:53:30.631 INFO (MainThread) [music_assistant.players] Player (type protocol) registered: spb_7e95fda569eb/CCE-LP08-MAC (AirPlay)
2026-05-03 22:53:33.787 INFO (MainThread) [music_assistant.players] Player unavailable: CCE-LP08-MAC (AirPlay)
2026-05-03 22:53:33.789 INFO (MainThread) [music_assistant.players] Player unavailable: CCE-LP08-MAC
2026-05-03 23:08:57.528 INFO (MainThread) [music_assistant.AirPlay.bridge.ap7e95fda569eb] Sendspin bridge registered for CCE-LP08-MAC (client_id=spb_7e95fda569eb)
2026-05-03 23:08:57.528 INFO (MainThread) [music_assistant.airplay.bridge_manager] Sendspin bridge created for CCE-LP08-MAC
2026-05-03 23:08:57.530 INFO (MainThread) [music_assistant.players] Player (type protocol) registered: ap7e95fda569eb/CCE-LP08-MAC
2026-05-03 23:08:57.537 INFO (MainThread) [music_assistant.players] Player (type protocol) registered: spb_7e95fda569eb/CCE-LP08-MAC (AirPlay)
2026-05-03 23:09:00.778 INFO (MainThread) [music_assistant.players] Player unavailable: CCE-LP08-MAC (AirPlay)
2026-05-03 23:09:00.779 INFO (MainThread) [music_assistant.players] Player unavailable: CCE-LP08-MAC
2026-05-03 23:24:09.526 INFO (MainThread) [music_assistant.AirPlay.bridge.ap7e95fda569eb] Sendspin bridge registered for CCE-LP08-MAC (client_id=spb_7e95fda569eb)
2026-05-03 23:24:09.526 INFO (MainThread) [music_assistant.airplay.bridge_manager] Sendspin bridge created for CCE-LP08-MAC
2026-05-03 23:24:09.530 INFO (MainThread) [music_assistant.players] Player (type protocol) registered: ap7e95fda569eb/CCE-LP08-MAC
2026-05-03 23:24:09.544 INFO (MainThread) [music_assistant.players] Player (type protocol) registered: spb_7e95fda569eb/CCE-LP08-MAC (AirPlay)
2026-05-03 23:24:12.772 INFO (MainThread) [music_assistant.players] Player unavailable: CCE-LP08-MAC (AirPlay)
2026-05-03 23:24:12.772 INFO (MainThread) [music_assistant.players] Player unavailable: CCE-LP08-MAC
2026-05-03 23:30:57.590 INFO (MainThread) [music_assistant.AirPlay.bridge.ap7e95fda569eb] Sendspin bridge registered for CCE-LP08-MAC (client_id=spb_7e95fda569eb)
2026-05-03 23:30:57.590 INFO (MainThread) [music_assistant.airplay.bridge_manager] Sendspin bridge created for CCE-LP08-MAC
2026-05-03 23:30:57.595 INFO (MainThread) [music_assistant.players] Player (type protocol) registered: ap7e95fda569eb/CCE-LP08-MAC
2026-05-03 23:30:57.607 INFO (MainThread) [music_assistant.players] Player (type protocol) registered: spb_7e95fda569eb/CCE-LP08-MAC (AirPlay)
2026-05-03 23:31:40.947 INFO (MainThread) [music_assistant.players] Player unavailable: CCE-LP08-MAC (AirPlay)
2026-05-03 23:31:40.949 INFO (MainThread) [music_assistant.players] Player unavailable: CCE-LP08-MAC
2026-05-03 23:49:22.660 INFO (MainThread) [music_assistant.AirPlay.bridge.ap7e95fda569eb] Sendspin bridge registered for CCE-LP08-MAC (client_id=spb_7e95fda569eb)
2026-05-03 23:49:22.660 INFO (MainThread) [music_assistant.airplay.bridge_manager] Sendspin bridge created for CCE-LP08-MAC
2026-05-03 23:49:22.666 INFO (MainThread) [music_assistant.players] Player (type protocol) registered: ap7e95fda569eb/CCE-LP08-MAC
2026-05-03 23:49:22.678 INFO (MainThread) [music_assistant.players] Player (type protocol) registered: spb_7e95fda569eb/CCE-LP08-MAC (AirPlay)
2026-05-03 23:49:25.767 INFO (MainThread) [music_assistant.players] Player unavailable: CCE-LP08-MAC (AirPlay)
2026-05-03 23:49:25.768 INFO (MainThread) [music_assistant.players] Player unavailable: CCE-LP08-MAC
2026-05-04 00:02:19.155 INFO (MainThread) [music_assistant.music.genre] Genre mapping scan completed: 0 items mapped (0.1s)
2026-05-04 00:06:33.640 INFO (MainThread) [music_assistant.AirPlay.bridge.ap7e95fda569eb] Sendspin bridge registered for CCE-LP08-MAC (client_id=spb_7e95fda569eb)
2026-05-04 00:06:33.640 INFO (MainThread) [music_assistant.airplay.bridge_manager] Sendspin bridge created for CCE-LP08-MAC
2026-05-04 00:06:33.646 INFO (MainThread) [music_assistant.players] Player (type protocol) registered: ap7e95fda569eb/CCE-LP08-MAC
2026-05-04 00:06:33.660 INFO (MainThread) [music_assistant.players] Player (type protocol) registered: spb_7e95fda569eb/CCE-LP08-MAC (AirPlay)
2026-05-04 00:06:36.760 INFO (MainThread) [music_assistant.players] Player unavailable: CCE-LP08-MAC (AirPlay)
2026-05-04 00:06:36.761 INFO (MainThread) [music_assistant.players] Player unavailable: CCE-LP08-MAC
2026-05-04 00:17:10.679 ERROR (Thread-13) [pychromecast.socket_client] [Slaapkamer Gesena(10.77.20.237):8009] Error reading from socket: socket connection broken
2026-05-04 00:17:10.694 ERROR (Thread-13) [pychromecast.socket_client] [Slaapkamer Gesena(10.77.20.237):8009] Failed to connect to service HostServiceInfo(host='10.77.20.237', port=8009), retrying in 5.0s
2026-05-04 00:22:58.489 INFO (MainThread) [music_assistant.AirPlay.bridge.ap7e95fda569eb] Sendspin bridge registered for CCE-LP08-MAC (client_id=spb_7e95fda569eb)
2026-05-04 00:22:58.489 INFO (MainThread) [music_assistant.airplay.bridge_manager] Sendspin bridge created for CCE-LP08-MAC
2026-05-04 00:22:58.492 INFO (MainThread) [music_assistant.players] Player (type protocol) registered: ap7e95fda569eb/CCE-LP08-MAC
2026-05-04 00:22:58.498 INFO (MainThread) [music_assistant.players] Player (type protocol) registered: spb_7e95fda569eb/CCE-LP08-MAC (AirPlay)
2026-05-04 00:23:01.750 INFO (MainThread) [music_assistant.players] Player unavailable: CCE-LP08-MAC (AirPlay)
2026-05-04 00:23:01.752 INFO (MainThread) [music_assistant.players] Player unavailable: CCE-LP08-MAC
2026-05-04 00:29:07.178 ERROR (Thread-14) [pychromecast.socket_client] [Badkamer Nest Hub(10.77.20.138):8009] Error reading from socket: socket connection broken
2026-05-04 00:29:07.186 ERROR (Thread-14) [pychromecast.socket_client] [Badkamer Nest Hub(10.77.20.138):8009] Failed to connect to service HostServiceInfo(host='10.77.20.138', port=8009), retrying in 5.0s
2026-05-04 00:38:54.772 ERROR (Thread-16) [pychromecast.socket_client] [Hobbykamer en gym(10.77.20.130):32195] Error reading from socket: socket connection broken
2026-05-04 00:38:54.780 ERROR (Thread-16) [pychromecast.socket_client] [Hobbykamer en gym(10.77.20.130):32195] Failed to connect to service HostServiceInfo(host='10.77.20.130', port=32195), retrying in 5.0s
2026-05-04 00:39:33.041 ERROR (Thread-9) [pychromecast.socket_client] [Badkamer V2(10.77.20.130):8009] Failed to connect to service HostServiceInfo(host='10.77.20.130', port=8009), retrying in 5.0s
2026-05-04 00:39:35.584 INFO (MainThread) [music_assistant.AirPlay.bridge.ap7e95fda569eb] Sendspin bridge registered for CCE-LP08-MAC (client_id=spb_7e95fda569eb)
2026-05-04 00:39:35.585 INFO (MainThread) [music_assistant.airplay.bridge_manager] Sendspin bridge created for CCE-LP08-MAC
2026-05-04 00:39:35.589 INFO (MainThread) [music_assistant.players] Player (type protocol) registered: ap7e95fda569eb/CCE-LP08-MAC
2026-05-04 00:39:35.599 INFO (MainThread) [music_assistant.players] Player (type protocol) registered: spb_7e95fda569eb/CCE-LP08-MAC (AirPlay)
2026-05-04 00:39:38.742 INFO (MainThread) [music_assistant.players] Player unavailable: CCE-LP08-MAC (AirPlay)
2026-05-04 00:39:38.743 INFO (MainThread) [music_assistant.players] Player unavailable: CCE-LP08-MAC
2026-05-04 00:42:41.516 ERROR (Thread-11) [pychromecast.socket_client] [Yatan(10.77.20.13):8009] Error reading from socket: socket connection broken
2026-05-04 00:42:41.524 ERROR (Thread-11) [pychromecast.socket_client] [Yatan(10.77.20.13):8009] Failed to connect to service HostServiceInfo(host='10.77.20.13', port=8009), retrying in 5.0s
2026-05-04 00:56:08.579 INFO (MainThread) [music_assistant.AirPlay.bridge.ap7e95fda569eb] Sendspin bridge registered for CCE-LP08-MAC (client_id=spb_7e95fda569eb)
2026-05-04 00:56:08.579 INFO (MainThread) [music_assistant.airplay.bridge_manager] Sendspin bridge created for CCE-LP08-MAC
2026-05-04 00:56:08.581 INFO (MainThread) [music_assistant.players] Player (type protocol) registered: ap7e95fda569eb/CCE-LP08-MAC
2026-05-04 00:56:08.587 INFO (MainThread) [music_assistant.players] Player (type protocol) registered: spb_7e95fda569eb/CCE-LP08-MAC (AirPlay)
2026-05-04 00:56:11.738 INFO (MainThread) [music_assistant.players] Player unavailable: CCE-LP08-MAC (AirPlay)
2026-05-04 00:56:11.739 INFO (MainThread) [music_assistant.players] Player unavailable: CCE-LP08-MAC
2026-05-04 01:11:47.549 INFO (MainThread) [music_assistant.AirPlay.bridge.ap7e95fda569eb] Sendspin bridge registered for CCE-LP08-MAC (client_id=spb_7e95fda569eb)
2026-05-04 01:11:47.549 INFO (MainThread) [music_assistant.airplay.bridge_manager] Sendspin bridge created for CCE-LP08-MAC
2026-05-04 01:11:47.555 INFO (MainThread) [music_assistant.players] Player (type protocol) registered: ap7e95fda569eb/CCE-LP08-MAC
2026-05-04 01:11:47.571 INFO (MainThread) [music_assistant.players] Player (type protocol) registered: spb_7e95fda569eb/CCE-LP08-MAC (AirPlay)
2026-05-04 01:11:50.722 INFO (MainThread) [music_assistant.players] Player unavailable: CCE-LP08-MAC (AirPlay)
2026-05-04 01:11:50.724 INFO (MainThread) [music_assistant.players] Player unavailable: CCE-LP08-MAC
2026-05-04 01:14:14.793 INFO (MainThread) [music_assistant.AirPlay.bridge.ap7e95fda569eb] Sendspin bridge registered for CCE-LP08-MAC (client_id=spb_7e95fda569eb)
2026-05-04 01:14:14.794 INFO (MainThread) [music_assistant.airplay.bridge_manager] Sendspin bridge created for CCE-LP08-MAC
2026-05-04 01:14:14.798 INFO (MainThread) [music_assistant.players] Player (type protocol) registered: ap7e95fda569eb/CCE-LP08-MAC
2026-05-04 01:14:14.815 INFO (MainThread) [music_assistant.players] Player (type protocol) registered: spb_7e95fda569eb/CCE-LP08-MAC (AirPlay)
2026-05-04 01:14:58.049 INFO (MainThread) [music_assistant.players] Player unavailable: CCE-LP08-MAC (AirPlay)
2026-05-04 01:14:58.050 INFO (MainThread) [music_assistant.players] Player unavailable: CCE-LP08-MAC
2026-05-04 01:20:11.990 INFO (MainThread) [music_assistant.AirPlay.bridge.ap7e95fda569eb] Sendspin bridge registered for CCE-LP08-MAC (client_id=spb_7e95fda569eb)
2026-05-04 01:20:11.990 INFO (MainThread) [music_assistant.airplay.bridge_manager] Sendspin bridge created for CCE-LP08-MAC
2026-05-04 01:20:11.995 INFO (MainThread) [music_assistant.players] Player (type protocol) registered: ap7e95fda569eb/CCE-LP08-MAC
2026-05-04 01:20:12.011 INFO (MainThread) [music_assistant.players] Player (type protocol) registered: spb_7e95fda569eb/CCE-LP08-MAC (AirPlay)
2026-05-04 01:20:55.348 INFO (MainThread) [music_assistant.players] Player unavailable: CCE-LP08-MAC (AirPlay)
2026-05-04 01:20:55.349 INFO (MainThread) [music_assistant.players] Player unavailable: CCE-LP08-MAC
2026-05-04 01:38:30.541 INFO (MainThread) [music_assistant.AirPlay.bridge.ap7e95fda569eb] Sendspin bridge registered for CCE-LP08-MAC (client_id=spb_7e95fda569eb)
2026-05-04 01:38:30.542 INFO (MainThread) [music_assistant.airplay.bridge_manager] Sendspin bridge created for CCE-LP08-MAC
2026-05-04 01:38:30.543 INFO (MainThread) [music_assistant.players] Player (type protocol) registered: ap7e95fda569eb/CCE-LP08-MAC
2026-05-04 01:38:30.550 INFO (MainThread) [music_assistant.players] Player (type protocol) registered: spb_7e95fda569eb/CCE-LP08-MAC (AirPlay)
2026-05-04 01:38:33.720 INFO (MainThread) [music_assistant.players] Player unavailable: CCE-LP08-MAC (AirPlay)
2026-05-04 01:38:33.721 INFO (MainThread) [music_assistant.players] Player unavailable: CCE-LP08-MAC
2026-05-04 01:54:00.478 INFO (MainThread) [music_assistant.AirPlay.bridge.ap7e95fda569eb] Sendspin bridge registered for CCE-LP08-MAC (client_id=spb_7e95fda569eb)
2026-05-04 01:54:00.478 INFO (MainThread) [music_assistant.airplay.bridge_manager] Sendspin bridge created for CCE-LP08-MAC
2026-05-04 01:54:00.480 INFO (MainThread) [music_assistant.players] Player (type protocol) registered: ap7e95fda569eb/CCE-LP08-MAC
2026-05-04 01:54:00.487 INFO (MainThread) [music_assistant.players] Player (type protocol) registered: spb_7e95fda569eb/CCE-LP08-MAC (AirPlay)
2026-05-04 01:54:03.705 INFO (MainThread) [music_assistant.players] Player unavailable: CCE-LP08-MAC (AirPlay)
2026-05-04 01:54:03.706 INFO (MainThread) [music_assistant.players] Player unavailable: CCE-LP08-MAC
2026-05-04 02:11:31.535 INFO (MainThread) [music_assistant.AirPlay.bridge.ap7e95fda569eb] Sendspin bridge registered for CCE-LP08-MAC (client_id=spb_7e95fda569eb)
2026-05-04 02:11:31.536 INFO (MainThread) [music_assistant.airplay.bridge_manager] Sendspin bridge created for CCE-LP08-MAC
2026-05-04 02:11:31.540 INFO (MainThread) [music_assistant.players] Player (type protocol) registered: ap7e95fda569eb/CCE-LP08-MAC
2026-05-04 02:11:31.557 INFO (MainThread) [music_assistant.players] Player (type protocol) registered: spb_7e95fda569eb/CCE-LP08-MAC (AirPlay)
2026-05-04 02:11:34.696 INFO (MainThread) [music_assistant.players] Player unavailable: CCE-LP08-MAC (AirPlay)
2026-05-04 02:11:34.697 INFO (MainThread) [music_assistant.players] Player unavailable: CCE-LP08-MAC
2026-05-04 02:17:57.984 ERROR (Thread-10) [pychromecast.socket_client] [Bureau speaker(10.77.20.207):8009] Failed to connect to service HostServiceInfo(host='10.77.20.207', port=8009), retrying in 5.0s
2026-05-04 02:27:48.673 ERROR (Thread-8) [pychromecast.socket_client] [Keuken Nest Hub(10.77.20.58):8009] Error reading from socket: socket connection broken
2026-05-04 02:27:48.694 ERROR (Thread-8) [pychromecast.socket_client] [Keuken Nest Hub(10.77.20.58):8009] Failed to connect to service HostServiceInfo(host='10.77.20.58', port=8009), retrying in 5.0s
2026-05-04 02:28:31.472 INFO (MainThread) [music_assistant.AirPlay.bridge.ap7e95fda569eb] Sendspin bridge registered for CCE-LP08-MAC (client_id=spb_7e95fda569eb)
2026-05-04 02:28:31.472 INFO (MainThread) [music_assistant.airplay.bridge_manager] Sendspin bridge created for CCE-LP08-MAC
2026-05-04 02:28:31.476 INFO (MainThread) [music_assistant.players] Player (type protocol) registered: ap7e95fda569eb/CCE-LP08-MAC
2026-05-04 02:28:31.489 INFO (MainThread) [music_assistant.players] Player (type protocol) registered: spb_7e95fda569eb/CCE-LP08-MAC (AirPlay)
2026-05-04 02:28:34.704 INFO (MainThread) [music_assistant.players] Player unavailable: CCE-LP08-MAC (AirPlay)
2026-05-04 02:28:34.705 INFO (MainThread) [music_assistant.players] Player unavailable: CCE-LP08-MAC
2026-05-04 02:43:11.167 ERROR (Thread-12) [pychromecast.socket_client] [Hobbykamer(10.77.20.139):8009] Error reading from socket: socket connection broken
2026-05-04 02:43:11.184 ERROR (Thread-12) [pychromecast.socket_client] [Hobbykamer(10.77.20.139):8009] Failed to connect to service HostServiceInfo(host='10.77.20.139', port=8009), retrying in 5.0s
2026-05-04 02:43:39.624 INFO (MainThread) [music_assistant.AirPlay.bridge.ap7e95fda569eb] Sendspin bridge registered for CCE-LP08-MAC (client_id=spb_7e95fda569eb)
2026-05-04 02:43:39.624 INFO (MainThread) [music_assistant.airplay.bridge_manager] Sendspin bridge created for CCE-LP08-MAC
2026-05-04 02:43:39.625 INFO (MainThread) [music_assistant.players] Player (type protocol) registered: ap7e95fda569eb/CCE-LP08-MAC
2026-05-04 02:43:39.632 INFO (MainThread) [music_assistant.players] Player (type protocol) registered: spb_7e95fda569eb/CCE-LP08-MAC (AirPlay)
2026-05-04 02:43:42.681 INFO (MainThread) [music_assistant.players] Player unavailable: CCE-LP08-MAC (AirPlay)
2026-05-04 02:43:42.682 INFO (MainThread) [music_assistant.players] Player unavailable: CCE-LP08-MAC
2026-05-04 02:53:14.464 INFO (MainThread) [music_assistant.AirPlay.bridge.ap7e95fda569eb] Sendspin bridge registered for CCE-LP08-MAC (client_id=spb_7e95fda569eb)
2026-05-04 02:53:14.464 INFO (MainThread) [music_assistant.airplay.bridge_manager] Sendspin bridge created for CCE-LP08-MAC
2026-05-04 02:53:14.468 INFO (MainThread) [music_assistant.players] Player (type protocol) registered: ap7e95fda569eb/CCE-LP08-MAC
2026-05-04 02:53:14.480 INFO (MainThread) [music_assistant.players] Player (type protocol) registered: spb_7e95fda569eb/CCE-LP08-MAC (AirPlay)
2026-05-04 02:53:57.891 INFO (MainThread) [music_assistant.players] Player unavailable: CCE-LP08-MAC (AirPlay)
2026-05-04 02:53:57.894 INFO (MainThread) [music_assistant.players] Player unavailable: CCE-LP08-MAC
2026-05-04 03:02:19.152 INFO (MainThread) [music_assistant.music.genre] Genre mapping scan completed: 0 items mapped (0.1s)
2026-05-04 03:09:49.499 INFO (MainThread) [music_assistant.AirPlay.bridge.ap7e95fda569eb] Sendspin bridge registered for CCE-LP08-MAC (client_id=spb_7e95fda569eb)
2026-05-04 03:09:49.499 INFO (MainThread) [music_assistant.airplay.bridge_manager] Sendspin bridge created for CCE-LP08-MAC
2026-05-04 03:09:49.505 INFO (MainThread) [music_assistant.players] Player (type protocol) registered: ap7e95fda569eb/CCE-LP08-MAC
2026-05-04 03:09:49.522 INFO (MainThread) [music_assistant.players] Player (type protocol) registered: spb_7e95fda569eb/CCE-LP08-MAC (AirPlay)
2026-05-04 03:09:52.676 INFO (MainThread) [music_assistant.players] Player unavailable: CCE-LP08-MAC (AirPlay)
2026-05-04 03:09:52.677 INFO (MainThread) [music_assistant.players] Player unavailable: CCE-LP08-MAC
2026-05-04 03:26:32.578 INFO (MainThread) [music_assistant.AirPlay.bridge.ap7e95fda569eb] Sendspin bridge registered for CCE-LP08-MAC (client_id=spb_7e95fda569eb)
2026-05-04 03:26:32.578 INFO (MainThread) [music_assistant.airplay.bridge_manager] Sendspin bridge created for CCE-LP08-MAC
2026-05-04 03:26:32.581 INFO (MainThread) [music_assistant.players] Player (type protocol) registered: ap7e95fda569eb/CCE-LP08-MAC
2026-05-04 03:26:32.588 INFO (MainThread) [music_assistant.players] Player (type protocol) registered: spb_7e95fda569eb/CCE-LP08-MAC (AirPlay)
2026-05-04 03:26:35.675 INFO (MainThread) [music_assistant.players] Player unavailable: CCE-LP08-MAC (AirPlay)
2026-05-04 03:26:35.676 INFO (MainThread) [music_assistant.players] Player unavailable: CCE-LP08-MAC
2026-05-04 03:28:30.459 INFO (MainThread) [music_assistant.AirPlay.bridge.ap7e95fda569eb] Sendspin bridge registered for CCE-LP08-MAC (client_id=spb_7e95fda569eb)
2026-05-04 03:28:30.459 INFO (MainThread) [music_assistant.airplay.bridge_manager] Sendspin bridge created for CCE-LP08-MAC
2026-05-04 03:28:30.461 INFO (MainThread) [music_assistant.players] Player (type protocol) registered: ap7e95fda569eb/CCE-LP08-MAC
2026-05-04 03:28:30.467 INFO (MainThread) [music_assistant.players] Player (type protocol) registered: spb_7e95fda569eb/CCE-LP08-MAC (AirPlay)
2026-05-04 03:29:13.828 INFO (MainThread) [music_assistant.players] Player unavailable: CCE-LP08-MAC (AirPlay)
2026-05-04 03:29:13.828 INFO (MainThread) [music_assistant.players] Player unavailable: CCE-LP08-MAC
2026-05-04 03:37:33.437 INFO (MainThread) [music_assistant.AirPlay.bridge.ap7e95fda569eb] Sendspin bridge registered for CCE-LP08-MAC (client_id=spb_7e95fda569eb)
2026-05-04 03:37:33.437 INFO (MainThread) [music_assistant.airplay.bridge_manager] Sendspin bridge created for CCE-LP08-MAC
2026-05-04 03:37:33.441 INFO (MainThread) [music_assistant.players] Player (type protocol) registered: ap7e95fda569eb/CCE-LP08-MAC
2026-05-04 03:37:33.450 INFO (MainThread) [music_assistant.players] Player (type protocol) registered: spb_7e95fda569eb/CCE-LP08-MAC (AirPlay)
2026-05-04 03:38:16.864 INFO (MainThread) [music_assistant.players] Player unavailable: CCE-LP08-MAC (AirPlay)
2026-05-04 03:38:16.865 INFO (MainThread) [music_assistant.players] Player unavailable: CCE-LP08-MAC
2026-05-04 03:53:26.559 INFO (MainThread) [music_assistant.AirPlay.bridge.ap7e95fda569eb] Sendspin bridge registered for CCE-LP08-MAC (client_id=spb_7e95fda569eb)
2026-05-04 03:53:26.559 INFO (MainThread) [music_assistant.airplay.bridge_manager] Sendspin bridge created for CCE-LP08-MAC
2026-05-04 03:53:26.564 INFO (MainThread) [music_assistant.players] Player (type protocol) registered: ap7e95fda569eb/CCE-LP08-MAC
2026-05-04 03:53:26.578 INFO (MainThread) [music_assistant.players] Player (type protocol) registered: spb_7e95fda569eb/CCE-LP08-MAC (AirPlay)
2026-05-04 03:53:29.655 INFO (MainThread) [music_assistant.players] Player unavailable: CCE-LP08-MAC (AirPlay)
2026-05-04 03:53:29.656 INFO (MainThread) [music_assistant.players] Player unavailable: CCE-LP08-MAC
2026-05-04 04:01:47.576 INFO (MainThread) [music_assistant.music.genre] Genre mapping scan completed: 1 items mapped (0.1s)
2026-05-04 04:09:37.440 INFO (MainThread) [music_assistant.AirPlay.bridge.ap7e95fda569eb] Sendspin bridge registered for CCE-LP08-MAC (client_id=spb_7e95fda569eb)
2026-05-04 04:09:37.440 INFO (MainThread) [music_assistant.airplay.bridge_manager] Sendspin bridge created for CCE-LP08-MAC
2026-05-04 04:09:37.442 INFO (MainThread) [music_assistant.players] Player (type protocol) registered: ap7e95fda569eb/CCE-LP08-MAC
2026-05-04 04:09:37.449 INFO (MainThread) [music_assistant.players] Player (type protocol) registered: spb_7e95fda569eb/CCE-LP08-MAC (AirPlay)
2026-05-04 04:09:40.651 INFO (MainThread) [music_assistant.players] Player unavailable: CCE-LP08-MAC (AirPlay)
2026-05-04 04:09:40.652 INFO (MainThread) [music_assistant.players] Player unavailable: CCE-LP08-MAC
2026-05-04 04:26:58.451 INFO (MainThread) [music_assistant.AirPlay.bridge.ap7e95fda569eb] Sendspin bridge registered for CCE-LP08-MAC (client_id=spb_7e95fda569eb)
2026-05-04 04:26:58.451 INFO (MainThread) [music_assistant.airplay.bridge_manager] Sendspin bridge created for CCE-LP08-MAC
2026-05-04 04:26:58.454 INFO (MainThread) [music_assistant.players] Player (type protocol) registered: ap7e95fda569eb/CCE-LP08-MAC
2026-05-04 04:26:58.460 INFO (MainThread) [music_assistant.players] Player (type protocol) registered: spb_7e95fda569eb/CCE-LP08-MAC (AirPlay)
2026-05-04 04:27:01.647 INFO (MainThread) [music_assistant.players] Player unavailable: CCE-LP08-MAC (AirPlay)
2026-05-04 04:27:01.649 INFO (MainThread) [music_assistant.players] Player unavailable: CCE-LP08-MAC
2026-05-04 04:42:15.407 INFO (MainThread) [music_assistant.AirPlay.bridge.ap7e95fda569eb] Sendspin bridge registered for CCE-LP08-MAC (client_id=spb_7e95fda569eb)
2026-05-04 04:42:15.407 INFO (MainThread) [music_assistant.airplay.bridge_manager] Sendspin bridge created for CCE-LP08-MAC
2026-05-04 04:42:15.409 INFO (MainThread) [music_assistant.players] Player (type protocol) registered: ap7e95fda569eb/CCE-LP08-MAC
2026-05-04 04:42:15.415 INFO (MainThread) [music_assistant.players] Player (type protocol) registered: spb_7e95fda569eb/CCE-LP08-MAC (AirPlay)
2026-05-04 04:42:18.648 INFO (MainThread) [music_assistant.players] Player unavailable: CCE-LP08-MAC (AirPlay)
2026-05-04 04:42:18.649 INFO (MainThread) [music_assistant.players] Player unavailable: CCE-LP08-MAC
2026-05-04 04:57:18.391 INFO (MainThread) [music_assistant.AirPlay.bridge.ap7e95fda569eb] Sendspin bridge registered for CCE-LP08-MAC (client_id=spb_7e95fda569eb)
2026-05-04 04:57:18.391 INFO (MainThread) [music_assistant.airplay.bridge_manager] Sendspin bridge created for CCE-LP08-MAC
2026-05-04 04:57:18.398 INFO (MainThread) [music_assistant.players] Player (type protocol) registered: ap7e95fda569eb/CCE-LP08-MAC
2026-05-04 04:57:18.413 INFO (MainThread) [music_assistant.players] Player (type protocol) registered: spb_7e95fda569eb/CCE-LP08-MAC (AirPlay)
2026-05-04 04:57:21.650 INFO (MainThread) [music_assistant.players] Player unavailable: CCE-LP08-MAC (AirPlay)
2026-05-04 04:57:21.651 INFO (MainThread) [music_assistant.players] Player unavailable: CCE-LP08-MAC
2026-05-04 05:12:29.412 INFO (MainThread) [music_assistant.AirPlay.bridge.ap7e95fda569eb] Sendspin bridge registered for CCE-LP08-MAC (client_id=spb_7e95fda569eb)
2026-05-04 05:12:29.412 INFO (MainThread) [music_assistant.airplay.bridge_manager] Sendspin bridge created for CCE-LP08-MAC
2026-05-04 05:12:29.414 INFO (MainThread) [music_assistant.players] Player (type protocol) registered: ap7e95fda569eb/CCE-LP08-MAC
2026-05-04 05:12:29.420 INFO (MainThread) [music_assistant.players] Player (type protocol) registered: spb_7e95fda569eb/CCE-LP08-MAC (AirPlay)
2026-05-04 05:12:32.631 INFO (MainThread) [music_assistant.players] Player unavailable: CCE-LP08-MAC (AirPlay)
2026-05-04 05:12:32.633 INFO (MainThread) [music_assistant.players] Player unavailable: CCE-LP08-MAC
2026-05-04 05:29:13.408 INFO (MainThread) [music_assistant.AirPlay.bridge.ap7e95fda569eb] Sendspin bridge registered for CCE-LP08-MAC (client_id=spb_7e95fda569eb)
2026-05-04 05:29:13.409 INFO (MainThread) [music_assistant.airplay.bridge_manager] Sendspin bridge created for CCE-LP08-MAC
2026-05-04 05:29:13.410 INFO (MainThread) [music_assistant.players] Player (type protocol) registered: ap7e95fda569eb/CCE-LP08-MAC
2026-05-04 05:29:13.416 INFO (MainThread) [music_assistant.players] Player (type protocol) registered: spb_7e95fda569eb/CCE-LP08-MAC (AirPlay)
2026-05-04 05:29:16.638 INFO (MainThread) [music_assistant.players] Player unavailable: CCE-LP08-MAC (AirPlay)
2026-05-04 05:29:16.639 INFO (MainThread) [music_assistant.players] Player unavailable: CCE-LP08-MAC
2026-05-04 05:45:20.528 INFO (MainThread) [music_assistant.AirPlay.bridge.ap7e95fda569eb] Sendspin bridge registered for CCE-LP08-MAC (client_id=spb_7e95fda569eb)
2026-05-04 05:45:20.528 INFO (MainThread) [music_assistant.airplay.bridge_manager] Sendspin bridge created for CCE-LP08-MAC
2026-05-04 05:45:20.530 INFO (MainThread) [music_assistant.players] Player (type protocol) registered: ap7e95fda569eb/CCE-LP08-MAC
2026-05-04 05:45:20.536 INFO (MainThread) [music_assistant.players] Player (type protocol) registered: spb_7e95fda569eb/CCE-LP08-MAC (AirPlay)
2026-05-04 05:45:23.624 INFO (MainThread) [music_assistant.players] Player unavailable: CCE-LP08-MAC (AirPlay)
2026-05-04 05:45:23.625 INFO (MainThread) [music_assistant.players] Player unavailable: CCE-LP08-MAC
2026-05-04 05:50:55.908 ERROR (Thread-17) [pychromecast.socket_client] [2021/22 Philips UHD Android TV(10.77.20.91):8009] Failed to connect to service HostServiceInfo(host='10.77.20.91', port=8009), retrying in 5.0s
2026-05-04 05:53:00.216 ERROR (Thread-17) [pychromecast.socket_client] [2021/22 Philips UHD Android TV(10.77.20.91):8009] Failed to connect to service HostServiceInfo(host='10.77.20.91', port=8009), retrying in 5.0s
2026-05-04 06:02:19.194 INFO (MainThread) [music_assistant.music.genre] Genre mapping scan completed: 5 items mapped (0.1s)
2026-05-04 06:03:07.411 INFO (MainThread) [music_assistant.AirPlay.bridge.ap7e95fda569eb] Sendspin bridge registered for CCE-LP08-MAC (client_id=spb_7e95fda569eb)
2026-05-04 06:03:07.411 INFO (MainThread) [music_assistant.airplay.bridge_manager] Sendspin bridge created for CCE-LP08-MAC
2026-05-04 06:03:07.412 INFO (MainThread) [music_assistant.players] Player (type protocol) registered: ap7e95fda569eb/CCE-LP08-MAC
2026-05-04 06:03:07.418 INFO (MainThread) [music_assistant.players] Player (type protocol) registered: spb_7e95fda569eb/CCE-LP08-MAC (AirPlay)
2026-05-04 06:03:10.620 INFO (MainThread) [music_assistant.players] Player unavailable: CCE-LP08-MAC (AirPlay)
2026-05-04 06:03:10.621 INFO (MainThread) [music_assistant.players] Player unavailable: CCE-LP08-MAC
2026-05-04 06:06:17.569 ERROR (Thread-15) [pychromecast.socket_client] [Nest Yatan(10.77.20.51):8009] Failed to connect to service HostServiceInfo(host='10.77.20.51', port=8009), retrying in 5.0s
2026-05-04 06:19:19.398 INFO (MainThread) [music_assistant.AirPlay.bridge.ap7e95fda569eb] Sendspin bridge registered for CCE-LP08-MAC (client_id=spb_7e95fda569eb)
2026-05-04 06:19:19.398 INFO (MainThread) [music_assistant.airplay.bridge_manager] Sendspin bridge created for CCE-LP08-MAC
2026-05-04 06:19:19.401 INFO (MainThread) [music_assistant.players] Player (type protocol) registered: ap7e95fda569eb/CCE-LP08-MAC
2026-05-04 06:19:19.408 INFO (MainThread) [music_assistant.players] Player (type protocol) registered: spb_7e95fda569eb/CCE-LP08-MAC (AirPlay)
2026-05-04 06:19:22.606 INFO (MainThread) [music_assistant.players] Player unavailable: CCE-LP08-MAC (AirPlay)
2026-05-04 06:19:22.607 INFO (MainThread) [music_assistant.players] Player unavailable: CCE-LP08-MAC
2026-05-04 06:56:55.674 INFO (MainThread) [music_assistant.music.genre] Genre mapping scan completed: 0 items mapped (0.1s)
2026-05-04 06:59:17.995 INFO (MainThread) [music_assistant.music.genre] Genre mapping scan completed: 0 items mapped (0.1s)
2026-05-04 07:00:13.038 INFO (MainThread) [music_assistant.music.genre] Genre mapping scan completed: 0 items mapped (0.1s)
2026-05-04 09:02:19.202 INFO (MainThread) [music_assistant.music.genre] Genre mapping scan completed: 0 items mapped (0.1s)
2026-05-04 10:59:31.355 INFO (MainThread) [music_assistant.AirPlay.bridge.ap7e95fda569eb] Sendspin bridge registered for CCE-LP08-MAC (client_id=spb_7e95fda569eb)
2026-05-04 10:59:31.355 INFO (MainThread) [music_assistant.airplay.bridge_manager] Sendspin bridge created for CCE-LP08-MAC
2026-05-04 10:59:31.357 INFO (MainThread) [music_assistant.players] Player (type protocol) registered: ap7e95fda569eb/CCE-LP08-MAC
2026-05-04 10:59:31.363 INFO (MainThread) [music_assistant.players] Player (type protocol) registered: spb_7e95fda569eb/CCE-LP08-MAC (AirPlay)
2026-05-04 11:00:10.395 INFO (MainThread) [music_assistant.players] Player unavailable: CCE-LP08-MAC (AirPlay)
2026-05-04 11:00:10.397 INFO (MainThread) [music_assistant.players] Player unavailable: CCE-LP08-MAC
2026-05-04 11:06:14.354 INFO (MainThread) [music_assistant.AirPlay.bridge.ap7e95fda569eb] Sendspin bridge registered for CCE-LP08-MAC (client_id=spb_7e95fda569eb)
2026-05-04 11:06:14.354 INFO (MainThread) [music_assistant.airplay.bridge_manager] Sendspin bridge created for CCE-LP08-MAC
2026-05-04 11:06:14.358 INFO (MainThread) [music_assistant.players] Player (type protocol) registered: ap7e95fda569eb/CCE-LP08-MAC
2026-05-04 11:06:14.371 INFO (MainThread) [music_assistant.players] Player (type protocol) registered: spb_7e95fda569eb/CCE-LP08-MAC (AirPlay)
2026-05-04 11:06:57.751 INFO (MainThread) [music_assistant.players] Player unavailable: CCE-LP08-MAC (AirPlay)
2026-05-04 11:06:57.753 INFO (MainThread) [music_assistant.players] Player unavailable: CCE-LP08-MAC
2026-05-04 11:12:56.624 INFO (MainThread) [music_assistant.AirPlay.bridge.ap7e95fda569eb] Sendspin bridge registered for CCE-LP08-MAC (client_id=spb_7e95fda569eb)
2026-05-04 11:12:56.624 INFO (MainThread) [music_assistant.airplay.bridge_manager] Sendspin bridge created for CCE-LP08-MAC
2026-05-04 11:12:56.626 INFO (MainThread) [music_assistant.players] Player (type protocol) registered: ap7e95fda569eb/CCE-LP08-MAC
2026-05-04 11:12:56.632 INFO (MainThread) [music_assistant.players] Player (type protocol) registered: spb_7e95fda569eb/CCE-LP08-MAC (AirPlay)
2026-05-04 11:13:19.767 INFO (MainThread) [music_assistant.players] Player unavailable: CCE-LP08-MAC (AirPlay)
2026-05-04 11:13:19.769 INFO (MainThread) [music_assistant.players] Player unavailable: CCE-LP08-MAC
2026-05-04 11:29:59.390 INFO (MainThread) [music_assistant.AirPlay.bridge.ap7e95fda569eb] Sendspin bridge registered for CCE-LP08-MAC (client_id=spb_7e95fda569eb)
2026-05-04 11:29:59.390 INFO (MainThread) [music_assistant.airplay.bridge_manager] Sendspin bridge created for CCE-LP08-MAC
2026-05-04 11:29:59.395 INFO (MainThread) [music_assistant.players] Player (type protocol) registered: ap7e95fda569eb/CCE-LP08-MAC
2026-05-04 11:29:59.407 INFO (MainThread) [music_assistant.players] Player (type protocol) registered: spb_7e95fda569eb/CCE-LP08-MAC (AirPlay)
2026-05-04 11:30:02.570 INFO (MainThread) [music_assistant.players] Player unavailable: CCE-LP08-MAC (AirPlay)
2026-05-04 11:30:02.571 INFO (MainThread) [music_assistant.players] Player unavailable: CCE-LP08-MAC
2026-05-04 11:47:45.386 INFO (MainThread) [music_assistant.AirPlay.bridge.ap7e95fda569eb] Sendspin bridge registered for CCE-LP08-MAC (client_id=spb_7e95fda569eb)
2026-05-04 11:47:45.386 INFO (MainThread) [music_assistant.airplay.bridge_manager] Sendspin bridge created for CCE-LP08-MAC
2026-05-04 11:47:45.390 INFO (MainThread) [music_assistant.players] Player (type protocol) registered: ap7e95fda569eb/CCE-LP08-MAC
2026-05-04 11:47:45.404 INFO (MainThread) [music_assistant.players] Player (type protocol) registered: spb_7e95fda569eb/CCE-LP08-MAC (AirPlay)
2026-05-04 11:47:48.565 INFO (MainThread) [music_assistant.players] Player unavailable: CCE-LP08-MAC (AirPlay)
2026-05-04 11:47:48.566 INFO (MainThread) [music_assistant.players] Player unavailable: CCE-LP08-MAC
2026-05-04 12:02:19.186 INFO (MainThread) [music_assistant.music.genre] Genre mapping scan completed: 0 items mapped (0.1s)
2026-05-04 12:03:30.290 INFO (MainThread) [music_assistant.AirPlay.bridge.ap7e95fda569eb] Sendspin bridge registered for CCE-LP08-MAC (client_id=spb_7e95fda569eb)
2026-05-04 12:03:30.290 INFO (MainThread) [music_assistant.airplay.bridge_manager] Sendspin bridge created for CCE-LP08-MAC
2026-05-04 12:03:30.292 INFO (MainThread) [music_assistant.players] Player (type protocol) registered: ap7e95fda569eb/CCE-LP08-MAC
2026-05-04 12:03:30.299 INFO (MainThread) [music_assistant.players] Player (type protocol) registered: spb_7e95fda569eb/CCE-LP08-MAC (AirPlay)
2026-05-04 12:03:33.558 INFO (MainThread) [music_assistant.players] Player unavailable: CCE-LP08-MAC (AirPlay)
2026-05-04 12:03:33.559 INFO (MainThread) [music_assistant.players] Player unavailable: CCE-LP08-MAC
2026-05-04 12:21:14.506 INFO (MainThread) [music_assistant.AirPlay.bridge.ap7e95fda569eb] Sendspin bridge registered for CCE-LP08-MAC (client_id=spb_7e95fda569eb)
2026-05-04 12:21:14.506 INFO (MainThread) [music_assistant.airplay.bridge_manager] Sendspin bridge created for CCE-LP08-MAC
2026-05-04 12:21:14.508 INFO (MainThread) [music_assistant.players] Player (type protocol) registered: ap7e95fda569eb/CCE-LP08-MAC
2026-05-04 12:21:14.513 INFO (MainThread) [music_assistant.players] Player (type protocol) registered: spb_7e95fda569eb/CCE-LP08-MAC (AirPlay)
2026-05-04 12:21:17.564 INFO (MainThread) [music_assistant.players] Player unavailable: CCE-LP08-MAC (AirPlay)
2026-05-04 12:21:17.565 INFO (MainThread) [music_assistant.players] Player unavailable: CCE-LP08-MAC
2026-05-04 12:36:52.328 INFO (MainThread) [music_assistant.AirPlay.bridge.ap7e95fda569eb] Sendspin bridge registered for CCE-LP08-MAC (client_id=spb_7e95fda569eb)
2026-05-04 12:36:52.328 INFO (MainThread) [music_assistant.airplay.bridge_manager] Sendspin bridge created for CCE-LP08-MAC
2026-05-04 12:36:52.329 INFO (MainThread) [music_assistant.players] Player (type protocol) registered: ap7e95fda569eb/CCE-LP08-MAC
2026-05-04 12:36:52.336 INFO (MainThread) [music_assistant.players] Player (type protocol) registered: spb_7e95fda569eb/CCE-LP08-MAC (AirPlay)
2026-05-04 12:36:55.540 INFO (MainThread) [music_assistant.players] Player unavailable: CCE-LP08-MAC (AirPlay)
2026-05-04 12:36:55.541 INFO (MainThread) [music_assistant.players] Player unavailable: CCE-LP08-MAC
2026-05-04 12:53:01.291 INFO (MainThread) [music_assistant.AirPlay.bridge.ap7e95fda569eb] Sendspin bridge registered for CCE-LP08-MAC (client_id=spb_7e95fda569eb)
2026-05-04 12:53:01.291 INFO (MainThread) [music_assistant.airplay.bridge_manager] Sendspin bridge created for CCE-LP08-MAC
2026-05-04 12:53:01.298 INFO (MainThread) [music_assistant.players] Player (type protocol) registered: ap7e95fda569eb/CCE-LP08-MAC
2026-05-04 12:53:01.311 INFO (MainThread) [music_assistant.players] Player (type protocol) registered: spb_7e95fda569eb/CCE-LP08-MAC (AirPlay)
2026-05-04 12:53:04.536 INFO (MainThread) [music_assistant.players] Player unavailable: CCE-LP08-MAC (AirPlay)
2026-05-04 12:53:04.537 INFO (MainThread) [music_assistant.players] Player unavailable: CCE-LP08-MAC
2026-05-04 13:09:33.410 INFO (MainThread) [music_assistant.AirPlay.bridge.ap7e95fda569eb] Sendspin bridge registered for CCE-LP08-MAC (client_id=spb_7e95fda569eb)
2026-05-04 13:09:33.410 INFO (MainThread) [music_assistant.airplay.bridge_manager] Sendspin bridge created for CCE-LP08-MAC
2026-05-04 13:09:33.411 INFO (MainThread) [music_assistant.players] Player (type protocol) registered: ap7e95fda569eb/CCE-LP08-MAC
2026-05-04 13:09:33.418 INFO (MainThread) [music_assistant.players] Player (type protocol) registered: spb_7e95fda569eb/CCE-LP08-MAC (AirPlay)
2026-05-04 13:09:36.530 INFO (MainThread) [music_assistant.players] Player unavailable: CCE-LP08-MAC (AirPlay)
2026-05-04 13:09:36.531 INFO (MainThread) [music_assistant.players] Player unavailable: CCE-LP08-MAC
2026-05-04 13:14:16.317 INFO (MainThread) [music_assistant.AirPlay.bridge.ap7e95fda569eb] Sendspin bridge registered for CCE-LP08-MAC (client_id=spb_7e95fda569eb)
2026-05-04 13:14:16.317 INFO (MainThread) [music_assistant.airplay.bridge_manager] Sendspin bridge created for CCE-LP08-MAC
2026-05-04 13:14:16.318 INFO (MainThread) [music_assistant.players] Player (type protocol) registered: ap7e95fda569eb/CCE-LP08-MAC
2026-05-04 13:14:16.324 INFO (MainThread) [music_assistant.players] Player (type protocol) registered: spb_7e95fda569eb/CCE-LP08-MAC (AirPlay)
2026-05-04 13:14:59.715 INFO (MainThread) [music_assistant.players] Player unavailable: CCE-LP08-MAC (AirPlay)
2026-05-04 13:14:59.716 INFO (MainThread) [music_assistant.players] Player unavailable: CCE-LP08-MAC
2026-05-04 13:23:37.055 INFO (MainThread) [music_assistant.AirPlay.bridge.ap7e95fda569eb] Sendspin bridge registered for CCE-LP08-MAC (client_id=spb_7e95fda569eb)
2026-05-04 13:23:37.055 INFO (MainThread) [music_assistant.airplay.bridge_manager] Sendspin bridge created for CCE-LP08-MAC
2026-05-04 13:23:37.059 INFO (MainThread) [music_assistant.players] Player (type protocol) registered: ap7e95fda569eb/CCE-LP08-MAC
2026-05-04 13:23:37.076 INFO (MainThread) [music_assistant.players] Player (type protocol) registered: spb_7e95fda569eb/CCE-LP08-MAC (AirPlay)
2026-05-04 14:28:52.766 ERROR (Thread-17) [pychromecast.socket_client] [2021/22 Philips UHD Android TV(10.77.20.91):8009] Failed to connect to service HostServiceInfo(host='10.77.20.91', port=8009), retrying in 5.0s
2026-05-04 14:58:22.188 INFO (MainThread) [root] shutdown requested!
2026-05-04 14:58:22.188 INFO (MainThread) [music_assistant] Stop called, cleaning up...
2026-05-04 14:58:22.190 INFO (MainThread) [music_assistant.players] Player unavailable: 2021/22 Philips UHD Android TV
2026-05-04 14:58:22.190 INFO (MainThread) [music_assistant.players] Player unavailable: 2021/22 Philips UHD Android TV
2026-05-04 14:58:22.190 INFO (MainThread) [music_assistant.players] Player unavailable: TV Gesena
2026-05-04 14:58:22.190 INFO (MainThread) [music_assistant.players] Player unavailable: CCE-LP08-MAC
2026-05-04 14:58:22.192 INFO (MainThread) [music_assistant.players] Player unavailable: Keuken Nest Hub (Cast)
2026-05-04 14:58:22.192 INFO (MainThread) [music_assistant.players] Player unavailable: Badkamer V2 (Cast)
2026-05-04 14:58:22.192 INFO (MainThread) [music_assistant.players] Player unavailable: Bureau speaker (Cast)
2026-05-04 14:58:22.193 INFO (MainThread) [music_assistant.players] Player unavailable: Huiskamer (AirPlay)
2026-05-04 14:58:22.193 INFO (MainThread) [music_assistant.players] Player unavailable: Yatan (Cast)
2026-05-04 14:58:22.193 INFO (MainThread) [music_assistant.players] Player unavailable: Hobbykamer (Cast)
2026-05-04 14:58:22.193 INFO (MainThread) [music_assistant.players] Player unavailable: Slaapkamer Gesena (Cast)
2026-05-04 14:58:22.193 INFO (MainThread) [music_assistant.players] Player unavailable: Badkamer Nest Hub (Cast)
2026-05-04 14:58:22.193 INFO (MainThread) [music_assistant.players] Player unavailable: Nest Yatan (Cast)
2026-05-04 14:58:22.193 INFO (MainThread) [music_assistant.players] Player unavailable: 2021/22 Philips UHD Android TV (Cast)
2026-05-04 14:58:22.193 INFO (MainThread) [music_assistant.players] Player unavailable: CCE-LP08-MAC (AirPlay)
2026-05-04 14:58:22.194 INFO (MainThread) [music_assistant.players] Player unavailable: Huiskamer
2026-05-04 14:58:22.198 INFO (MainThread) [music_assistant.players] Player unavailable: Keuken
2026-05-04 14:58:22.200 INFO (MainThread) [music_assistant.players] Player unavailable: Huiskamer
2026-05-04 14:58:22.200 INFO (MainThread) [music_assistant.players] Player unavailable: CCE-LP08-MAC
2026-05-04 14:58:22.202 INFO (MainThread) [music_assistant.SONOS] Disconnected from player API
2026-05-04 14:58:22.202 INFO (MainThread) [music_assistant.SONOS] Disconnected from player API
2026-05-04 14:58:22.216 INFO (MainThread) [music_assistant.players] Player unavailable: Huiskamer - Sonos Beam Media Renderer - RINCON_48A6B83564F901400
2026-05-04 14:58:22.229 INFO (MainThread) [music_assistant.players] Player unavailable: Keuken - Sonos Play:3 Media Renderer - RINCON_B8E937D4FB0401400
2026-05-04 14:58:22.231 INFO (MainThread) [music_assistant.remote_access] Stopping WebRTC Gateway
